node_id,infra_type,lat,lon,flood_depth_m,cascade_fail_freq,betweenness_centrality
subway_2_av_f,subway,40.7234,-73.98994,0.0,1.0,0.0
telecom_cluster_02635,telecom,40.7141,-73.96838,0.0,1.0,0.0
telecom_cluster_02637,telecom,40.716,-73.961,0.0,1.0,0.0
telecom_cluster_02693,telecom,40.7208,-73.962,0.0,1.0,0.0
telecom_cluster_02743,telecom,40.7264,-73.9664,0.0,1.0,0.0
telecom_cluster_02795,telecom,40.7291,-73.9671,0.0,1.0,0.0
telecom_cluster_02840,telecom,40.7357,-73.97207,0.0,1.0,0.0
telecom_cluster_02841,telecom,40.7339,-73.9645,0.0,1.0,0.0
telecom_cluster_02897,telecom,40.73884,-73.98014,0.0,1.0,0.0
telecom_cluster_02899,telecom,40.74036,-73.97154,0.0,1.0,0.0
telecom_cluster_02953,telecom,40.74603,-73.98119,0.0,1.0,0.0
telecom_cluster_02954,telecom,40.74477,-73.97417,0.0,1.0,0.0
telecom_cluster_02955,telecom,40.74551,-73.97072,0.0,1.0,0.0
telecom_cluster_02956,telecom,40.7449,-73.9638,0.0,1.0,0.0
telecom_cluster_03017,telecom,40.75113,-73.9755,0.0,1.0,0.0
telecom_cluster_00744,telecom,40.73997,-73.98113,0.0,0.999,0.0
telecom_cluster_02898,telecom,40.74043,-73.97459,0.0,0.999,0.0
hospital_nyu_langone_hospitals,hospital,40.74147,-73.97362,0.0,0.998,0.0
telecom_cluster_00614,telecom,40.7247,-73.98705,0.0,0.998,0.0
telecom_cluster_00656,telecom,40.73002,-73.98957,0.0,0.998,0.0
telecom_cluster_00658,telecom,40.7285,-73.9786,0.0,0.998,0.0
telecom_cluster_00700,telecom,40.7345,-73.98665,0.0,0.998,0.0
telecom_cluster_00701,telecom,40.7366,-73.9792,0.0,0.998,0.0
telecom_cluster_00745,telecom,40.7397,-73.9732,0.0,0.998,0.0
telecom_cluster_02689,telecom,40.72072,-73.98071,0.0,0.998,0.0
telecom_cluster_02690,telecom,40.71999,-73.97507,0.0,0.998,0.0
telecom_cluster_02691,telecom,40.7199,-73.97047,0.0,0.998,0.0
telecom_cluster_02738,telecom,40.72473,-73.98983,0.0,0.998,0.0
telecom_cluster_02739,telecom,40.72488,-73.98506,0.0,0.998,0.0
telecom_cluster_02742,telecom,40.72622,-73.97106,0.0,0.998,0.0
telecom_cluster_02789,telecom,40.72883,-73.99398,0.0,0.998,0.0
telecom_cluster_02790,telecom,40.73027,-73.98991,0.0,0.998,0.0
telecom_cluster_02791,telecom,40.7295,-73.98499,0.0,0.998,0.0
telecom_cluster_02792,telecom,40.73001,-73.98033,0.0,0.998,0.0
telecom_cluster_02837,telecom,40.73473,-73.98494,0.0,0.998,0.0
telecom_cluster_02838,telecom,40.73541,-73.97963,0.0,0.998,0.0
telecom_cluster_04139,telecom,40.722,-73.9811,0.0,0.998,0.0
telecom_cluster_04141,telecom,40.7352,-73.9911,0.0,0.998,0.0
water_manhattan_sewage_pump_station,water,40.72632,-73.97354,0.0,0.998,0.0
hospital_bellevue_hospital_center,hospital,40.73925,-73.97549,0.0,0.997,0.0
hospital_nyu_langone_orthopedic_hospital,hospital,40.73439,-73.98297,0.0,0.997,0.0
telecom_cluster_00541,telecom,40.71516,-73.951,0.0,0.997,0.0
telecom_cluster_02536,telecom,40.7064,-73.9439,0.0,0.997,0.0
telecom_cluster_02588,telecom,40.7109,-73.94001,0.0,0.997,0.0
telecom_cluster_02636,telecom,40.71621,-73.96541,0.0,0.997,0.0
telecom_cluster_02639,telecom,40.7157,-73.95112,0.0,0.997,0.0
telecom_cluster_02695,telecom,40.71858,-73.94993,0.0,0.997,0.0
telecom_cluster_04137,telecom,40.7147,-73.9443,0.0,0.997,0.0
fuel_station_bolla_0409,fuel,40.72057,-73.94428,0.0,0.996,0.0
fuel_station_gulf_0275,fuel,40.72856,-73.95012,0.0,0.996,0.0
hospital_new_york_eye_and_ear_infirmary_of_mount,hospital,40.73188,-73.9846,0.0,0.996,0.0
subway_1_av_l,subway,40.73095,-73.98163,0.0,0.996,0.0
subway_3_av_l,subway,40.73285,-73.98612,0.0,0.996,0.0
subway_bedford_av_l,subway,40.7173,-73.95687,0.0,0.996,0.0
subway_graham_av_l,subway,40.71457,-73.94405,0.0,0.996,0.0
subway_grand_st_l,subway,40.71193,-73.94067,0.0,0.996,0.0
subway_greenpoint_av_g,subway,40.73135,-73.95445,0.0,0.996,0.0
subway_lorimer_st_l,subway,40.71406,-73.95028,0.0,0.996,0.0
subway_metropolitan_av_g,subway,40.71279,-73.95142,0.0,0.996,0.0
subway_nassau_av_g,subway,40.72463,-73.95128,0.0,0.996,0.0
telecom_cluster_02803,telecom,40.7277,-73.9073,0.0,0.996,0.0
telecom_cluster_03140,telecom,40.7606,-73.8759,0.0,0.996,0.0
telecom_cluster_00788,telecom,40.74483,-73.9853,0.0,0.995,0.0
telecom_cluster_02632,telecom,40.71633,-73.98514,0.0,0.995,0.0
telecom_cluster_02896,telecom,40.74002,-73.98558,0.0,0.995,0.0
hospital_mount_sinai_beth_israel,hospital,40.73267,-73.9816,0.0,0.994,0.0
telecom_cluster_00494,telecom,40.7117,-73.96565,0.0,0.994,0.0
telecom_cluster_00537,telecom,40.71485,-73.96937,0.0,0.994,0.0
telecom_cluster_00538,telecom,40.7158,-73.96558,0.0,0.994,0.0
telecom_cluster_00539,telecom,40.7134,-73.9613,0.0,0.994,0.0
telecom_cluster_00542,telecom,40.7156,-73.9403,0.0,0.994,0.0
telecom_cluster_00543,telecom,40.7172,-73.9351,0.0,0.994,0.0
telecom_cluster_00576,telecom,40.71907,-73.97607,0.0,0.994,0.0
telecom_cluster_00577,telecom,40.7184,-73.9711,0.0,0.994,0.0
telecom_cluster_00579,telecom,40.7216,-73.96073,0.0,0.994,0.0
telecom_cluster_00580,telecom,40.72065,-73.9505,0.0,0.994,0.0
telecom_cluster_00581,telecom,40.72012,-73.94503,0.0,0.994,0.0
telecom_cluster_00582,telecom,40.7221,-73.9419,0.0,0.994,0.0
telecom_cluster_00613,telecom,40.72385,-73.99003,0.0,0.994,0.0
telecom_cluster_00615,telecom,40.7235,-73.9788,0.0,0.994,0.0
telecom_cluster_00617,telecom,40.7256,-73.9718,0.0,0.994,0.0
telecom_cluster_00618,telecom,40.7226,-73.9589,0.0,0.994,0.0
telecom_cluster_00619,telecom,40.72497,-73.94907,0.0,0.994,0.0
telecom_cluster_00620,telecom,40.7227,-73.9385,0.0,0.994,0.0
telecom_cluster_00657,telecom,40.73038,-73.9855,0.0,0.994,0.0
telecom_cluster_00660,telecom,40.7298,-73.97045,0.0,0.994,0.0
telecom_cluster_00661,telecom,40.7277,-73.965,0.0,0.994,0.0
telecom_cluster_00662,telecom,40.7275,-73.9499,0.0,0.994,0.0
telecom_cluster_00702,telecom,40.7344,-73.9723,0.0,0.994,0.0
telecom_cluster_02638,telecom,40.71339,-73.95383,0.0,0.994,0.0
telecom_cluster_02640,telecom,40.71475,-73.9442,0.0,0.994,0.0
telecom_cluster_02696,telecom,40.72013,-73.94449,0.0,0.994,0.0
telecom_cluster_02745,telecom,40.72527,-73.95,0.0,0.994,0.0
telecom_cluster_02746,telecom,40.7253,-73.9435,0.0,0.994,0.0
telecom_cluster_02796,telecom,40.72973,-73.95042,0.0,0.994,0.0
telecom_cluster_00574,telecom,40.72054,-73.99036,0.0,0.991,0.0
telecom_cluster_02687,telecom,40.71997,-73.98929,0.0,0.991,0.0
telecom_cluster_00459,telecom,40.7048,-73.9505,0.0,0.99,0.0
telecom_cluster_00743,telecom,40.74065,-73.98473,0.0,0.99,0.0
telecom_cluster_02688,telecom,40.72027,-73.98513,0.0,0.989,0.0
telecom_cluster_00428,telecom,40.7014,-73.9355,0.0,0.985,0.0
telecom_cluster_03020,telecom,40.7477,-73.9619,0.0,0.984,0.0
power_alley_park,power,40.74372,-73.76148,0.0,0.983,2e-06
fuel_station_unknown_gas_station_0549,fuel,40.7442,-73.77554,0.0,0.983,0.0
hospital_bronxcare_hospital_center,hospital,40.84348,-73.91103,0.0,0.983,0.0
hospital_new_york_presbyterian_hospital___allen_h,hospital,40.87334,-73.91302,0.0,0.983,0.0
hospital_sbh_health_system,hospital,40.85336,-73.89085,0.0,0.983,0.0
telecom_cluster_00762,telecom,40.7376,-73.7664,0.0,0.983,0.0
telecom_cluster_02930,telecom,40.7404,-73.7696,0.0,0.983,0.0
telecom_cluster_02985,telecom,40.7449,-73.77035,0.0,0.983,0.0
power_sutphin,power,40.68902,-73.79547,0.0,0.979,0.0
telecom_cluster_02342,telecom,40.6856,-73.80795,0.0,0.979,0.0
water_well_station_#11,water,40.68552,-73.80169,0.0,0.979,0.0
telecom_cluster_03304,telecom,40.7728,-73.8798,0.0,0.973,0.0
telecom_cluster_00789,telecom,40.74513,-73.98137,0.0,0.971,0.0
telecom_cluster_03256,telecom,40.7683,-73.8876,0.0,0.971,0.0
water_spring_creek_park,water,40.65704,-73.86148,0.0,0.971,0.0
telecom_cluster_03372,telecom,40.7842,-73.9327,0.0,0.968,0.0
fuel_station_bay_blvd_0033,fuel,40.62842,-73.73729,0.0,0.965,0.0
fuel_station_bay_blvd_0061,fuel,40.62818,-73.73805,0.0,0.965,0.0
fuel_station_bay_blvd_0079,fuel,40.62832,-73.7376,0.0,0.965,0.0
fuel_station_conoco_0198,fuel,40.62828,-73.73682,0.0,0.965,0.0
fuel_station_peninsula_blvd_0002,fuel,40.63265,-73.72427,0.0,0.965,0.0
fuel_station_peninsula_blvd_0003,fuel,40.6311,-73.7289,0.0,0.965,0.0
fuel_station_peninsula_blvd_0008,fuel,40.62887,-73.73588,0.0,0.965,0.0
fuel_station_peninsula_blvd_0012,fuel,40.62965,-73.73345,0.0,0.965,0.0
fuel_station_peninsula_blvd_0016,fuel,40.63135,-73.7281,0.0,0.965,0.0
fuel_station_peninsula_blvd_0017,fuel,40.63233,-73.72506,0.0,0.965,0.0
fuel_station_peninsula_blvd_0030,fuel,40.62998,-73.73244,0.0,0.965,0.0
fuel_station_peninsula_blvd_0042,fuel,40.63033,-73.73134,0.0,0.965,0.0
fuel_station_peninsula_blvd_0050,fuel,40.63158,-73.7274,0.0,0.965,0.0
fuel_station_peninsula_blvd_0051,fuel,40.63179,-73.72672,0.0,0.965,0.0
fuel_station_peninsula_blvd_0052,fuel,40.63018,-73.73183,0.0,0.965,0.0
fuel_station_peninsula_blvd_0054,fuel,40.6331,-73.72353,0.0,0.965,0.0
fuel_station_peninsula_blvd_0055,fuel,40.63361,-73.72294,0.0,0.965,0.0
fuel_station_peninsula_blvd_0064,fuel,40.63057,-73.73059,0.0,0.965,0.0
fuel_station_peninsula_blvd_0065,fuel,40.63098,-73.7293,0.0,0.965,0.0
fuel_station_peninsula_blvd_0070,fuel,40.63083,-73.72977,0.0,0.965,0.0
fuel_station_peninsula_blvd_0072,fuel,40.62931,-73.73454,0.0,0.965,0.0
fuel_station_peninsula_blvd_0074,fuel,40.63635,-73.71953,0.0,0.965,0.0
fuel_station_peninsula_blvd_0075,fuel,40.63522,-73.72098,0.0,0.965,0.0
fuel_station_peninsula_blvd_0076,fuel,40.62979,-73.73304,0.0,0.965,0.0
fuel_station_peninsula_blvd_0077,fuel,40.62944,-73.73412,0.0,0.965,0.0
fuel_station_peninsula_blvd_0083,fuel,40.63206,-73.72589,0.0,0.965,0.0
fuel_station_peninsula_blvd_0088,fuel,40.62844,-73.73722,0.0,0.965,0.0
fuel_station_peninsula_blvd_0089,fuel,40.63413,-73.72241,0.0,0.965,0.0
fuel_station_ramp_0078,fuel,40.62775,-73.73918,0.0,0.965,0.0
fuel_station_unknown_gas_station_0256,fuel,40.63387,-73.73985,0.0,0.965,0.0
power_tap135492,power,40.63748,-73.73302,0.0,0.965,0.0
power_woodmere,power,40.637,-73.73267,0.0,0.965,0.0
telecom_cluster_00088,telecom,40.6279,-73.7393,0.0,0.965,0.0
telecom_cluster_01954,telecom,40.6388,-73.7545,0.0,0.965,0.0
subway_avenue_u_q,subway,40.5993,-73.95593,0.0,0.964,0.0
subway_rector_st_rw,subway,40.70722,-74.01334,0.0,0.964,0.0
telecom_cluster_04131,telecom,40.6755,-73.9975,0.0,0.956,0.0
telecom_cluster_00455,telecom,40.7072,-73.9684,0.0,0.955,0.0
telecom_cluster_02761,telecom,40.72302,-73.84629,0.0,0.955,0.0
telecom_cluster_02976,telecom,40.74518,-73.8601,0.0,0.955,0.0
telecom_cluster_00703,telecom,40.7356,-73.9551,0.0,0.953,0.0
telecom_cluster_02842,telecom,40.7361,-73.9533,0.0,0.953,0.0
power_east_36th_street,power,40.74495,-73.97134,0.0,0.952,0.0
subway_28_st_6,subway,40.74307,-73.98426,0.0,0.952,0.0
subway_33_st_6,subway,40.74608,-73.98208,0.0,0.952,0.0
subway_42_st_bryant_pk_bdfm,subway,40.75422,-73.98457,0.0,0.952,0.0
subway_5_av_7,subway,40.75382,-73.98196,0.0,0.952,0.0
subway_grand_central_42_st_456,subway,40.75178,-73.97685,0.0,0.952,0.0
subway_grand_central_42_st_7,subway,40.75143,-73.97604,0.0,0.952,0.0
subway_grand_central_42_st_s,subway,40.75277,-73.97919,0.0,0.952,0.0
subway_vernon_blvd_jackson_av_7,subway,40.74263,-73.95358,0.0,0.952,0.0
telecom_cluster_00790,telecom,40.7446,-73.9746,0.0,0.952,0.0
telecom_cluster_00837,telecom,40.74962,-73.98492,0.0,0.952,0.0
telecom_cluster_00838,telecom,40.7522,-73.9801,0.0,0.952,0.0
telecom_cluster_00839,telecom,40.75118,-73.97657,0.0,0.952,0.0
telecom_cluster_00840,telecom,40.7477,-73.9684,0.0,0.952,0.0
telecom_cluster_00876,telecom,40.75439,-73.98043,0.0,0.952,0.0
telecom_cluster_00877,telecom,40.75376,-73.97472,0.0,0.952,0.0
telecom_cluster_00879,telecom,40.7527,-73.964,0.0,0.952,0.0
telecom_cluster_02900,telecom,40.74125,-73.9536,0.0,0.952,0.0
telecom_cluster_03015,telecom,40.75019,-73.98526,0.0,0.952,0.0
telecom_cluster_03016,telecom,40.75091,-73.97978,0.0,0.952,0.0
telecom_cluster_03018,telecom,40.74992,-73.96868,0.0,0.952,0.0
telecom_cluster_03019,telecom,40.75096,-73.96604,0.0,0.952,0.0
telecom_cluster_03076,telecom,40.7548,-73.98004,0.0,0.952,0.0
telecom_cluster_03077,telecom,40.75516,-73.97504,0.0,0.952,0.0
telecom_cluster_03078,telecom,40.75505,-73.97112,0.0,0.952,0.0
telecom_cluster_03039,telecom,40.74939,-73.86064,0.0,0.951,0.0
telecom_cluster_03185,telecom,40.7645,-74.0077,0.0,0.95,0.0
telecom_cluster_03186,telecom,40.7655,-74.00595,0.0,0.95,0.0
telecom_cluster_03239,telecom,40.7714,-74.0047,0.0,0.95,0.0
telecom_cluster_03287,telecom,40.7738,-74.0097,0.0,0.95,0.0
telecom_cluster_03680,telecom,40.8325,-73.9078,0.0,0.95,0.0
telecom_cluster_03740,telecom,40.84465,-73.90885,0.0,0.95,0.0
telecom_cluster_03741,telecom,40.84485,-73.90345,0.0,0.95,0.0
telecom_cluster_03623,telecom,40.8231,-73.9026,0.0,0.947,0.0
fuel_station_171_0939,fuel,40.89486,-73.88257,0.0,0.945,0.0
fuel_station_bp_0180,fuel,40.86611,-73.92839,0.0,0.945,0.0
fuel_station_bp_0366,fuel,40.85994,-73.90254,0.0,0.945,0.0
fuel_station_bp_0656,fuel,40.86632,-73.91799,0.0,0.945,0.0
fuel_station_citgo_0819,fuel,40.86694,-73.92271,0.0,0.945,0.0
fuel_station_exxon_0503,fuel,40.85096,-73.93559,0.0,0.945,0.0
fuel_station_mobil_0301,fuel,40.86705,-73.95387,0.0,0.945,0.0
fuel_station_mobil_0579,fuel,40.84929,-73.91653,0.0,0.945,0.0
fuel_station_mobil_0808,fuel,40.8856,-73.9001,0.0,0.945,0.0
fuel_station_shell_0116,fuel,40.8452,-73.93852,0.0,0.945,0.0
fuel_station_sunoco_0626,fuel,40.84577,-73.91413,0.0,0.945,0.0
fuel_station_sunoco_0834,fuel,40.87045,-73.91481,0.0,0.945,0.0
fuel_station_unknown_gas_station_0512,fuel,40.85358,-73.93439,0.0,0.945,0.0
fuel_station_unknown_gas_station_0612,fuel,40.83685,-73.92163,0.0,0.945,0.0
fuel_station_unknown_gas_station_0613,fuel,40.84736,-73.91223,0.0,0.945,0.0
fuel_station_unknown_gas_station_0739,fuel,40.84212,-73.92288,0.0,0.945,0.0
fuel_station_unknown_gas_station_0985,fuel,40.86299,-73.92024,0.0,0.945,0.0
fuel_station_unknown_gas_station_1151,fuel,40.86916,-73.90734,0.0,0.945,0.0
hospital_montefiore_medical_center___henry___lucy,hospital,40.88043,-73.87989,0.0,0.945,0.0
hospital_north_central_bronx_hospital,hospital,40.88046,-73.88109,0.0,0.945,0.0
power_academy,power,40.86002,-73.91914,0.0,0.945,0.0
subway_167_st_4,subway,40.83554,-73.9214,0.0,0.945,0.0
subway_168_st_ac,subway,40.84072,-73.93956,0.0,0.945,0.0
subway_168_st_washington_hts_1,subway,40.84056,-73.94013,0.0,0.945,0.0
subway_170_st_4,subway,40.84007,-73.91779,0.0,0.945,0.0
subway_175_st_a,subway,40.84739,-73.9397,0.0,0.945,0.0
subway_181_st_1,subway,40.84951,-73.9336,0.0,0.945,0.0
subway_181_st_a,subway,40.85169,-73.93797,0.0,0.945,0.0
subway_190_st_a,subway,40.85902,-73.93418,0.0,0.945,0.0
subway_191_st_1,subway,40.85522,-73.92941,0.0,0.945,0.0
subway_207_st_1,subway,40.86462,-73.91882,0.0,0.945,0.0
subway_215_st_1,subway,40.86944,-73.91528,0.0,0.945,0.0
subway_231_st_1,subway,40.87886,-73.90483,0.0,0.945,0.0
subway_238_st_1,subway,40.88467,-73.90087,0.0,0.945,0.0
subway_burnside_av_4,subway,40.85345,-73.90768,0.0,0.945,0.0
subway_dyckman_st_1,subway,40.86053,-73.92554,0.0,0.945,0.0
subway_dyckman_st_a,subway,40.86549,-73.92727,0.0,0.945,0.0
subway_fordham_rd_4,subway,40.8628,-73.90103,0.0,0.945,0.0
subway_inwood_207_st_a,subway,40.86807,-73.9199,0.0,0.945,0.0
subway_kingsbridge_rd_4,subway,40.86776,-73.89717,0.0,0.945,0.0
subway_marble_hill_225_st_1,subway,40.87456,-73.90983,0.0,0.945,0.0
subway_mt_eden_av_4,subway,40.84443,-73.91469,0.0,0.945,0.0
subway_van_cortlandt_park_242_st_1,subway,40.88925,-73.89858,0.0,0.945,0.0
telecom_cluster_01281,telecom,40.8353,-73.9331,0.0,0.945,0.0
telecom_cluster_01282,telecom,40.8346,-73.922,0.0,0.945,0.0
telecom_cluster_01303,telecom,40.83895,-73.9328,0.0,0.945,0.0
telecom_cluster_01304,telecom,40.83943,-73.92933,0.0,0.945,0.0
telecom_cluster_01324,telecom,40.84567,-73.9503,0.0,0.945,0.0
telecom_cluster_01325,telecom,40.8446,-73.9446,0.0,0.945,0.0
telecom_cluster_01326,telecom,40.8474,-73.9344,0.0,0.945,0.0
telecom_cluster_01327,telecom,40.84501,-73.92953,0.0,0.945,0.0
telecom_cluster_01328,telecom,40.84578,-73.92455,0.0,0.945,0.0
telecom_cluster_01329,telecom,40.84513,-73.9214,0.0,0.945,0.0
telecom_cluster_01330,telecom,40.84455,-73.9145,0.0,0.945,0.0
telecom_cluster_01355,telecom,40.85124,-73.95366,0.0,0.945,0.0
telecom_cluster_01356,telecom,40.85058,-73.9492,0.0,0.945,0.0
telecom_cluster_01357,telecom,40.84976,-73.94507,0.0,0.945,0.0
telecom_cluster_01358,telecom,40.849,-73.94027,0.0,0.945,0.0
telecom_cluster_01359,telecom,40.84817,-73.93503,0.0,0.945,0.0
telecom_cluster_01360,telecom,40.8484,-73.9317,0.0,0.945,0.0
telecom_cluster_01361,telecom,40.8504,-73.92463,0.0,0.945,0.0
telecom_cluster_01380,telecom,40.85305,-73.9568,0.0,0.945,0.0
telecom_cluster_01381,telecom,40.8528,-73.9516,0.0,0.945,0.0
telecom_cluster_01382,telecom,40.8574,-73.9449,0.0,0.945,0.0
telecom_cluster_01384,telecom,40.8555,-73.9324,0.0,0.945,0.0
telecom_cluster_01385,telecom,40.8548,-73.91885,0.0,0.945,0.0
telecom_cluster_01402,telecom,40.85905,-73.9466,0.0,0.945,0.0
telecom_cluster_01403,telecom,40.85843,-73.92947,0.0,0.945,0.0
telecom_cluster_01404,telecom,40.8603,-73.92407,0.0,0.945,0.0
telecom_cluster_01405,telecom,40.86135,-73.92115,0.0,0.945,0.0
telecom_cluster_01432,telecom,40.8671,-73.9543,0.0,0.945,0.0
telecom_cluster_01433,telecom,40.8653,-73.9434,0.0,0.945,0.0
telecom_cluster_01434,telecom,40.8657,-73.9403,0.0,0.945,0.0
telecom_cluster_01435,telecom,40.865,-73.9282,0.0,0.945,0.0
telecom_cluster_01436,telecom,40.86505,-73.925,0.0,0.945,0.0
telecom_cluster_01437,telecom,40.8657,-73.9187,0.0,0.945,0.0
telecom_cluster_01438,telecom,40.8671,-73.9143,0.0,0.945,0.0
telecom_cluster_01439,telecom,40.8647,-73.9102,0.0,0.945,0.0
telecom_cluster_01440,telecom,40.8647,-73.9016,0.0,0.945,0.0
telecom_cluster_01461,telecom,40.8716,-73.9525,0.0,0.945,0.0
telecom_cluster_01462,telecom,40.868,-73.9404,0.0,0.945,0.0
telecom_cluster_01463,telecom,40.86855,-73.93115,0.0,0.945,0.0
telecom_cluster_01464,telecom,40.8681,-73.9253,0.0,0.945,0.0
telecom_cluster_01465,telecom,40.8695,-73.9207,0.0,0.945,0.0
telecom_cluster_01466,telecom,40.8679,-73.9174,0.0,0.945,0.0
telecom_cluster_01486,telecom,40.8754,-73.9505,0.0,0.945,0.0
telecom_cluster_01487,telecom,40.8737,-73.942,0.0,0.945,0.0
telecom_cluster_01488,telecom,40.8736,-73.9374,0.0,0.945,0.0
telecom_cluster_01489,telecom,40.87615,-73.90375,0.0,0.945,0.0
telecom_cluster_01490,telecom,40.8747,-73.90155,0.0,0.945,0.0
telecom_cluster_01506,telecom,40.8792,-73.9376,0.0,0.945,0.0
telecom_cluster_01507,telecom,40.8819,-73.9362,0.0,0.945,0.0
telecom_cluster_01525,telecom,40.8864,-73.9387,0.0,0.945,0.0
telecom_cluster_01527,telecom,40.8859,-73.8929,0.0,0.945,0.0
telecom_cluster_01528,telecom,40.8861,-73.8828,0.0,0.945,0.0
telecom_cluster_01551,telecom,40.8889,-73.9395,0.0,0.945,0.0
telecom_cluster_01552,telecom,40.8881,-73.8946,0.0,0.945,0.0
telecom_cluster_01553,telecom,40.8907,-73.8828,0.0,0.945,0.0
telecom_cluster_01576,telecom,40.8933,-73.889,0.0,0.945,0.0
telecom_cluster_01598,telecom,40.9022,-73.9364,0.0,0.945,0.0
telecom_cluster_01599,telecom,40.8984,-73.8771,0.0,0.945,0.0
telecom_cluster_01620,telecom,40.9032,-73.9003,0.0,0.945,0.0
telecom_cluster_01636,telecom,40.9096,-73.8764,0.0,0.945,0.0
telecom_cluster_01661,telecom,40.9189,-73.8688,0.0,0.945,0.0
telecom_cluster_03622,telecom,40.8274,-73.9125,0.0,0.945,0.0
telecom_cluster_03675,telecom,40.8354,-73.9376,0.0,0.945,0.0
telecom_cluster_03677,telecom,40.83512,-73.93188,0.0,0.945,0.0
telecom_cluster_03678,telecom,40.83431,-73.92313,0.0,0.945,0.0
telecom_cluster_03679,telecom,40.83533,-73.92151,0.0,0.945,0.0
telecom_cluster_03705,telecom,40.8402,-73.952,0.0,0.945,0.0
telecom_cluster_03706,telecom,40.8403,-73.94635,0.0,0.945,0.0
telecom_cluster_03707,telecom,40.83835,-73.93528,0.0,0.945,0.0
telecom_cluster_03708,telecom,40.84027,-73.93032,0.0,0.945,0.0
telecom_cluster_03709,telecom,40.83897,-73.91869,0.0,0.945,0.0
telecom_cluster_03710,telecom,40.84137,-73.91681,0.0,0.945,0.0
telecom_cluster_03733,telecom,40.8442,-73.9539,0.0,0.945,0.0
telecom_cluster_03734,telecom,40.8447,-73.944,0.0,0.945,0.0
telecom_cluster_03735,telecom,40.84567,-73.93473,0.0,0.945,0.0
telecom_cluster_03736,telecom,40.84464,-73.93075,0.0,0.945,0.0
telecom_cluster_03737,telecom,40.84557,-73.9257,0.0,0.945,0.0
telecom_cluster_03738,telecom,40.8447,-73.9224,0.0,0.945,0.0
telecom_cluster_03739,telecom,40.84444,-73.91506,0.0,0.945,0.0
telecom_cluster_03761,telecom,40.8522,-73.9553,0.0,0.945,0.0
telecom_cluster_03762,telecom,40.85117,-73.9495,0.0,0.945,0.0
telecom_cluster_03763,telecom,40.84916,-73.94499,0.0,0.945,0.0
telecom_cluster_03764,telecom,40.84886,-73.93992,0.0,0.945,0.0
telecom_cluster_03765,telecom,40.84817,-73.9363,0.0,0.945,0.0
telecom_cluster_03767,telecom,40.85217,-73.9214,0.0,0.945,0.0
telecom_cluster_03794,telecom,40.8544,-73.9547,0.0,0.945,0.0
telecom_cluster_03795,telecom,40.8571,-73.9505,0.0,0.945,0.0
telecom_cluster_03796,telecom,40.85573,-73.94583,0.0,0.945,0.0
telecom_cluster_03798,telecom,40.85707,-73.9305,0.0,0.945,0.0
telecom_cluster_03799,telecom,40.85483,-73.91962,0.0,0.945,0.0
telecom_cluster_03801,telecom,40.85554,-73.90586,0.0,0.945,0.0
telecom_cluster_03817,telecom,40.8602,-73.9551,0.0,0.945,0.0
telecom_cluster_03818,telecom,40.8587,-73.9378,0.0,0.945,0.0
telecom_cluster_03820,telecom,40.86022,-73.92607,0.0,0.945,0.0
telecom_cluster_03822,telecom,40.86018,-73.91513,0.0,0.945,0.0
telecom_cluster_03824,telecom,40.86155,-73.9019,0.0,0.945,0.0
telecom_cluster_03848,telecom,40.8657,-73.9434,0.0,0.945,0.0
telecom_cluster_03849,telecom,40.8657,-73.93795,0.0,0.945,0.0
telecom_cluster_03850,telecom,40.8636,-73.9344,0.0,0.945,0.0
telecom_cluster_03851,telecom,40.86591,-73.92959,0.0,0.945,0.0
telecom_cluster_03852,telecom,40.86675,-73.92305,0.0,0.945,0.0
telecom_cluster_03854,telecom,40.86527,-73.9106,0.0,0.945,0.0
telecom_cluster_03855,telecom,40.86476,-73.89975,0.0,0.945,0.0
telecom_cluster_03877,telecom,40.8699,-73.9533,0.0,0.945,0.0
telecom_cluster_03878,telecom,40.8694,-73.9478,0.0,0.945,0.0
telecom_cluster_03879,telecom,40.8703,-73.9375,0.0,0.945,0.0
telecom_cluster_03880,telecom,40.8696,-73.9362,0.0,0.945,0.0
telecom_cluster_03881,telecom,40.8682,-73.9315,0.0,0.945,0.0
telecom_cluster_03882,telecom,40.8685,-73.9249,0.0,0.945,0.0
telecom_cluster_03883,telecom,40.86905,-73.92135,0.0,0.945,0.0
telecom_cluster_03884,telecom,40.86991,-73.90879,0.0,0.945,0.0
telecom_cluster_03885,telecom,40.8724,-73.9065,0.0,0.945,0.0
telecom_cluster_03904,telecom,40.8731,-73.9518,0.0,0.945,0.0
telecom_cluster_03905,telecom,40.87567,-73.91963,0.0,0.945,0.0
telecom_cluster_03907,telecom,40.87403,-73.91085,0.0,0.945,0.0
telecom_cluster_03908,telecom,40.8747,-73.90538,0.0,0.945,0.0
telecom_cluster_03925,telecom,40.8823,-73.9226,0.0,0.945,0.0
telecom_cluster_03926,telecom,40.87828,-73.92142,0.0,0.945,0.0
telecom_cluster_03927,telecom,40.87868,-73.90323,0.0,0.945,0.0
telecom_cluster_03949,telecom,40.8832,-73.9343,0.0,0.945,0.0
telecom_cluster_03950,telecom,40.8856,-73.9265,0.0,0.945,0.0
telecom_cluster_03951,telecom,40.8852,-73.9215,0.0,0.945,0.0
telecom_cluster_03952,telecom,40.8828,-73.8981,0.0,0.945,0.0
telecom_cluster_03953,telecom,40.88595,-73.89545,0.0,0.945,0.0
telecom_cluster_03977,telecom,40.8917,-73.9388,0.0,0.945,0.0
telecom_cluster_03978,telecom,40.8883,-73.9202,0.0,0.945,0.0
telecom_cluster_03979,telecom,40.8902,-73.88948,0.0,0.945,0.0
telecom_cluster_04004,telecom,40.8929,-73.9413,0.0,0.945,0.0
telecom_cluster_04005,telecom,40.8936,-73.918,0.0,0.945,0.0
telecom_cluster_04006,telecom,40.8962,-73.91693,0.0,0.945,0.0
telecom_cluster_04033,telecom,40.8984,-73.9382,0.0,0.945,0.0
telecom_cluster_04034,telecom,40.89955,-73.91575,0.0,0.945,0.0
water_jerome_park_harris_park_annex,water,40.87813,-73.89508,0.0,0.945,0.0
water_pumping_station,water,40.89348,-73.90628,0.0,0.945,0.0
water_riverdale_park,water,40.89014,-73.9184,0.0,0.945,0.0
telecom_cluster_02852,telecom,40.7375,-73.9062,0.0,0.944,0.0
telecom_cluster_02867,telecom,40.7327,-73.8197,0.0,0.944,0.0
telecom_cluster_03262,telecom,40.7681,-73.8592,0.0,0.943,0.0
telecom_cluster_01305,telecom,40.8409,-73.9017,0.0,0.942,0.0
telecom_cluster_02700,telecom,40.7181,-73.9065,0.0,0.941,0.0
telecom_cluster_03645,telecom,40.8311,-73.9375,0.0,0.941,0.0
telecom_cluster_02709,telecom,40.71995,-73.83508,0.0,0.94,0.0
telecom_cluster_02762,telecom,40.72562,-73.83966,0.0,0.94,0.0
telecom_cluster_02763,telecom,40.72442,-73.8352,0.0,0.94,0.0
telecom_cluster_02764,telecom,40.7238,-73.83103,0.0,0.94,0.0
telecom_cluster_02982,telecom,40.7427,-73.8288,0.0,0.935,0.0
telecom_cluster_01333,telecom,40.8438,-73.8992,0.0,0.928,0.0
telecom_cluster_02811,telecom,40.7322,-73.8427,0.0,0.925,0.0
telecom_cluster_03044,telecom,40.751,-73.7742,0.0,0.913,0.0
telecom_cluster_02103,telecom,40.6584,-73.9172,0.0,0.911,0.0
telecom_cluster_02972,telecom,40.7471,-73.8813,0.0,0.909,0.0
telecom_cluster_02973,telecom,40.7428,-73.8748,0.0,0.909,0.0
telecom_cluster_02866,telecom,40.7368,-73.827,0.0,0.906,0.0
telecom_cluster_02601,telecom,40.7125,-73.8348,0.0,0.904,0.0
telecom_cluster_02975,telecom,40.74583,-73.8647,0.0,0.89,0.0
telecom_cluster_03037,telecom,40.75014,-73.87075,0.0,0.89,0.0
telecom_cluster_03038,telecom,40.75005,-73.86375,0.0,0.89,0.0
telecom_cluster_02974,telecom,40.74405,-73.87055,0.0,0.888,0.0
telecom_cluster_03093,telecom,40.75687,-73.87477,0.0,0.888,0.0
telecom_cluster_03094,telecom,40.7572,-73.87005,0.0,0.888,0.0
telecom_cluster_03141,telecom,40.7597,-73.8664,0.0,0.888,0.0
power_oakland,power,40.7479,-73.76206,0.0,0.887,5e-06
fuel_station_bp_0176,fuel,40.74829,-73.75838,0.0,0.887,0.0
telecom_cluster_00497,telecom,40.7101,-73.8489,0.0,0.887,0.0
telecom_cluster_00584,telecom,40.72081,-73.84524,0.0,0.887,0.0
telecom_cluster_00625,telecom,40.7274,-73.8549,0.0,0.887,0.0
telecom_cluster_00628,telecom,40.7261,-73.8373,0.0,0.887,0.0
telecom_cluster_00806,telecom,40.74562,-73.77005,0.0,0.887,0.0
telecom_cluster_00807,telecom,40.74675,-73.76475,0.0,0.887,0.0
telecom_cluster_00851,telecom,40.7492,-73.7906,0.0,0.887,0.0
telecom_cluster_00854,telecom,40.7509,-73.7502,0.0,0.887,0.0
telecom_cluster_02594,telecom,40.7091,-73.8753,0.0,0.887,0.0
telecom_cluster_02595,telecom,40.7123,-73.8668,0.0,0.887,0.0
telecom_cluster_02600,telecom,40.71173,-73.8387,0.0,0.887,0.0
telecom_cluster_02652,telecom,40.71505,-73.85505,0.0,0.887,0.0
telecom_cluster_02653,telecom,40.7158,-73.84878,0.0,0.887,0.0
telecom_cluster_02654,telecom,40.7149,-73.84421,0.0,0.887,0.0
telecom_cluster_02703,telecom,40.71973,-73.86463,0.0,0.887,0.0
telecom_cluster_02704,telecom,40.7197,-73.85957,0.0,0.887,0.0
telecom_cluster_02705,telecom,40.7205,-73.85358,0.0,0.887,0.0
telecom_cluster_02707,telecom,40.72101,-73.845,0.0,0.887,0.0
telecom_cluster_02708,telecom,40.7193,-73.84013,0.0,0.887,0.0
telecom_cluster_02986,telecom,40.74635,-73.76555,0.0,0.887,0.0
telecom_cluster_03045,telecom,40.75,-73.7539,0.0,0.887,0.0
telecom_cluster_04140,telecom,40.72114,-73.84401,0.0,0.887,0.0
telecom_cluster_00715,telecom,40.7342,-73.8368,0.0,0.886,0.0
telecom_cluster_02592,telecom,40.7076,-73.8924,0.0,0.886,0.0
fuel_station_american_gas_1099,fuel,40.71245,-73.89753,0.0,0.885,0.0
fuel_station_bp_0567,fuel,40.73053,-73.87205,0.0,0.885,0.0
fuel_station_bp_0756,fuel,40.7261,-73.89783,0.0,0.885,0.0
fuel_station_bp_0799,fuel,40.75512,-73.89132,0.0,0.885,0.0
fuel_station_citgo_1117,fuel,40.71407,-73.85906,0.0,0.885,0.0
fuel_station_gas_sale_0682,fuel,40.72205,-73.88596,0.0,0.885,0.0
fuel_station_gas_sale_1001,fuel,40.7378,-73.88084,0.0,0.885,0.0
fuel_station_gulf_0692,fuel,40.74249,-73.86996,0.0,0.885,0.0
fuel_station_mobil_0730,fuel,40.7377,-73.85247,0.0,0.885,0.0
fuel_station_mobil_0780,fuel,40.73027,-73.86172,0.0,0.885,0.0
fuel_station_mobil_0798,fuel,40.75522,-73.89054,0.0,0.885,0.0
fuel_station_mobil_1101,fuel,40.73806,-73.84835,0.0,0.885,0.0
fuel_station_plato_service_station_0768,fuel,40.73096,-73.88587,0.0,0.885,0.0
fuel_station_shell_0599,fuel,40.7304,-73.88782,0.0,0.885,0.0
fuel_station_speedway_0270,fuel,40.7573,-73.87071,0.0,0.885,0.0
fuel_station_speedway_1002,fuel,40.73881,-73.88595,0.0,0.885,0.0
fuel_station_sunco_0863,fuel,40.74644,-73.89322,0.0,0.885,0.0
fuel_station_sunco_0877,fuel,40.74652,-73.89322,0.0,0.885,0.0
fuel_station_unknown_gas_station_0615,fuel,40.76142,-73.86791,0.0,0.885,0.0
fuel_station_unknown_gas_station_1085,fuel,40.75234,-73.85282,0.0,0.885,0.0
fuel_station_unknown_gas_station_1131,fuel,40.72143,-73.8661,0.0,0.885,0.0
fuel_station_unknown_gas_station_1134,fuel,40.757,-73.87018,0.0,0.885,0.0
power_corona,power,40.74021,-73.8622,0.0,0.885,0.0
subway_111_st_7,subway,40.75173,-73.85533,0.0,0.885,0.0
subway_63_dr_rego_park_mr,subway,40.72985,-73.8616,0.0,0.885,0.0
subway_67_av_mr,subway,40.72652,-73.85272,0.0,0.885,0.0
subway_69_st_7,subway,40.74632,-73.8964,0.0,0.885,0.0
subway_74_st_broadway_7,subway,40.74685,-73.89139,0.0,0.885,0.0
subway_82_st_jackson_hts_7,subway,40.74766,-73.8837,0.0,0.885,0.0
subway_90_st_elmhurst_av_7,subway,40.74841,-73.87661,0.0,0.885,0.0
subway_elmhurst_av_mr,subway,40.74245,-73.88202,0.0,0.885,0.0
subway_forest_hills_71_av_efmr,subway,40.72169,-73.84452,0.0,0.885,0.0
subway_grand_av_newtown_mr,subway,40.73701,-73.87722,0.0,0.885,0.0
subway_jackson_hts_roosevelt_av_efmr,subway,40.74664,-73.89134,0.0,0.885,0.0
subway_junction_blvd_7,subway,40.74914,-73.86953,0.0,0.885,0.0
subway_middle_village_metropolitan_av_m,subway,40.7114,-73.8896,0.0,0.885,0.0
subway_woodhaven_blvd_mr,subway,40.73311,-73.86923,0.0,0.885,0.0
telecom_cluster_00624,telecom,40.7243,-73.8923,0.0,0.885,0.0
telecom_cluster_00669,telecom,40.7277,-73.8862,0.0,0.885,0.0
telecom_cluster_00670,telecom,40.72963,-73.87967,0.0,0.885,0.0
telecom_cluster_00671,telecom,40.73053,-73.87443,0.0,0.885,0.0
telecom_cluster_00672,telecom,40.73192,-73.8701,0.0,0.885,0.0
telecom_cluster_00673,telecom,40.7312,-73.8635,0.0,0.885,0.0
telecom_cluster_00674,telecom,40.7298,-73.86125,0.0,0.885,0.0
telecom_cluster_00675,telecom,40.7287,-73.8407,0.0,0.885,0.0
telecom_cluster_00708,telecom,40.73515,-73.8729,0.0,0.885,0.0
telecom_cluster_00709,telecom,40.7333,-73.868,0.0,0.885,0.0
telecom_cluster_00713,telecom,40.73695,-73.8522,0.0,0.885,0.0
telecom_cluster_00746,telecom,40.73985,-73.89455,0.0,0.885,0.0
telecom_cluster_00747,telecom,40.73867,-73.88993,0.0,0.885,0.0
telecom_cluster_00748,telecom,40.73877,-73.88403,0.0,0.885,0.0
telecom_cluster_00749,telecom,40.7413,-73.8813,0.0,0.885,0.0
telecom_cluster_00750,telecom,40.7422,-73.8768,0.0,0.885,0.0
telecom_cluster_00751,telecom,40.7379,-73.8498,0.0,0.885,0.0
telecom_cluster_00752,telecom,40.74035,-73.84475,0.0,0.885,0.0
telecom_cluster_00798,telecom,40.7427,-73.8966,0.0,0.885,0.0
telecom_cluster_00799,telecom,40.7454,-73.8477,0.0,0.885,0.0
telecom_cluster_00800,telecom,40.7451,-73.8473,0.0,0.885,0.0
telecom_cluster_00846,telecom,40.7481,-73.8961,0.0,0.885,0.0
telecom_cluster_00847,telecom,40.7524,-73.8566,0.0,0.885,0.0
telecom_cluster_00848,telecom,40.74975,-73.85045,0.0,0.885,0.0
telecom_cluster_00849,telecom,40.7475,-73.8349,0.0,0.885,0.0
telecom_cluster_00885,telecom,40.7559,-73.8561,0.0,0.885,0.0
telecom_cluster_02054,telecom,40.6525,-73.9683,0.0,0.885,0.0
telecom_cluster_02593,telecom,40.7124,-73.88405,0.0,0.885,0.0
telecom_cluster_02645,telecom,40.7168,-73.8967,0.0,0.885,0.0
telecom_cluster_02646,telecom,40.7155,-73.88795,0.0,0.885,0.0
telecom_cluster_02647,telecom,40.71305,-73.8863,0.0,0.885,0.0
telecom_cluster_02648,telecom,40.7128,-73.87855,0.0,0.885,0.0
telecom_cluster_02649,telecom,40.71308,-73.87573,0.0,0.885,0.0
telecom_cluster_02701,telecom,40.7201,-73.893,0.0,0.885,0.0
telecom_cluster_02702,telecom,40.71915,-73.89147,0.0,0.885,0.0
telecom_cluster_02754,telecom,40.72557,-73.89538,0.0,0.885,0.0
telecom_cluster_02756,telecom,40.72526,-73.86958,0.0,0.885,0.0
telecom_cluster_02757,telecom,40.72647,-73.8645,0.0,0.885,0.0
telecom_cluster_02758,telecom,40.7261,-73.85996,0.0,0.885,0.0
telecom_cluster_02759,telecom,40.72623,-73.85407,0.0,0.885,0.0
telecom_cluster_02760,telecom,40.72346,-73.84963,0.0,0.885,0.0
telecom_cluster_02804,telecom,40.7281,-73.88482,0.0,0.885,0.0
telecom_cluster_02805,telecom,40.72951,-73.8802,0.0,0.885,0.0
telecom_cluster_02806,telecom,40.73065,-73.87582,0.0,0.885,0.0
telecom_cluster_02807,telecom,40.73009,-73.871,0.0,0.885,0.0
telecom_cluster_02808,telecom,40.73051,-73.8653,0.0,0.885,0.0
telecom_cluster_02809,telecom,40.72937,-73.86063,0.0,0.885,0.0
telecom_cluster_02810,telecom,40.7279,-73.8565,0.0,0.885,0.0
telecom_cluster_02854,telecom,40.7346,-73.88462,0.0,0.885,0.0
telecom_cluster_02856,telecom,40.73508,-73.87546,0.0,0.885,0.0
telecom_cluster_02857,telecom,40.73427,-73.87065,0.0,0.885,0.0
telecom_cluster_02860,telecom,40.73681,-73.85442,0.0,0.885,0.0
telecom_cluster_02861,telecom,40.7375,-73.8517,0.0,0.885,0.0
telecom_cluster_02862,telecom,40.73325,-73.8437,0.0,0.885,0.0
telecom_cluster_02864,telecom,40.73598,-73.83617,0.0,0.885,0.0
telecom_cluster_02909,telecom,40.7397,-73.89514,0.0,0.885,0.0
telecom_cluster_02910,telecom,40.73874,-73.89014,0.0,0.885,0.0
telecom_cluster_02911,telecom,40.73873,-73.88518,0.0,0.885,0.0
telecom_cluster_02913,telecom,40.74215,-73.8768,0.0,0.885,0.0
telecom_cluster_02916,telecom,40.73777,-73.85047,0.0,0.885,0.0
telecom_cluster_02917,telecom,40.7397,-73.84486,0.0,0.885,0.0
telecom_cluster_02919,telecom,40.74145,-73.8355,0.0,0.885,0.0
telecom_cluster_02969,telecom,40.74636,-73.89458,0.0,0.885,0.0
telecom_cluster_02970,telecom,40.74655,-73.89051,0.0,0.885,0.0
telecom_cluster_02971,telecom,40.7472,-73.887,0.0,0.885,0.0
telecom_cluster_02977,telecom,40.74347,-73.85573,0.0,0.885,0.0
telecom_cluster_02978,telecom,40.74647,-73.8488,0.0,0.885,0.0
telecom_cluster_02979,telecom,40.7429,-73.84665,0.0,0.885,0.0
telecom_cluster_03032,telecom,40.74936,-73.89561,0.0,0.885,0.0
telecom_cluster_03033,telecom,40.74996,-73.88972,0.0,0.885,0.0
telecom_cluster_03034,telecom,40.75096,-73.88452,0.0,0.885,0.0
telecom_cluster_03035,telecom,40.75046,-73.87957,0.0,0.885,0.0
telecom_cluster_03041,telecom,40.75053,-73.84996,0.0,0.885,0.0
telecom_cluster_03042,telecom,40.7515,-73.8409,0.0,0.885,0.0
telecom_cluster_03090,telecom,40.75475,-73.88843,0.0,0.885,0.0
telecom_cluster_03091,telecom,40.75498,-73.88568,0.0,0.885,0.0
telecom_cluster_03092,telecom,40.75583,-73.87967,0.0,0.885,0.0
telecom_cluster_03138,telecom,40.76004,-73.88972,0.0,0.885,0.0
telecom_cluster_03139,telecom,40.75948,-73.8863,0.0,0.885,0.0
telecom_cluster_04127,telecom,40.64991,-73.97584,0.0,0.885,0.0
water_eng_324__div_14,water,40.73802,-73.85184,0.0,0.885,0.0
water_pre_k_center_at_111_street,water,40.74726,-73.84333,0.0,0.885,0.0
fuel_station_bp_1102,fuel,40.68254,-73.80635,0.0,0.88,0.0
fuel_station_sunoco_0889,fuel,40.67478,-73.80876,0.0,0.88,0.0
fuel_station_unknown_gas_station_1048,fuel,40.67474,-73.80353,0.0,0.88,0.0
hospital_elmhurst_hospital_center,hospital,40.73871,-73.87835,0.0,0.88,0.0
power_rockaway,power,40.67533,-73.80544,0.0,0.88,0.0
telecom_cluster_00215,telecom,40.6661,-73.8015,0.0,0.88,0.0
telecom_cluster_02155,telecom,40.66593,-73.8053,0.0,0.88,0.0
telecom_cluster_02156,telecom,40.66605,-73.79972,0.0,0.88,0.0
telecom_cluster_02291,telecom,40.67933,-73.80403,0.0,0.88,0.0
water_pollution_control_facility,water,40.66425,-73.8073,0.0,0.88,0.0
hospital_long_island_jewish_forest_hills,hospital,40.729,-73.85168,0.0,0.879,0.0
telecom_cluster_02101,telecom,40.6614,-73.9274,0.0,0.874,0.0
hospital_montefiore_medical_center___montefiore_w,hospital,40.84068,-73.8484,0.0,0.873,0.0
hospital_calvary_hospital_inc,hospital,40.84793,-73.84392,0.0,0.872,0.0
telecom_cluster_02686,telecom,40.71898,-73.99424,0.0,0.867,0.0
hospital_brookdale_hospital_medical_center,hospital,40.65495,-73.91242,0.0,0.865,0.0
hospital_kings_county_hospital_center,hospital,40.65664,-73.94493,0.0,0.865,0.0
hospital_kingsbrook_jewish_medical_village,hospital,40.65939,-73.93375,0.0,0.865,0.0
hospital_mount_sinai_brooklyn,hospital,40.61872,-73.94297,0.0,0.865,0.0
hospital_university_hospital_of_brooklyn,hospital,40.65508,-73.94491,0.0,0.865,0.0
telecom_cluster_02907,telecom,40.73797,-73.90447,0.0,0.865,0.0
fuel_station_76_0260,fuel,40.67962,-73.87801,0.0,0.863,0.0
fuel_station_bp_0203,fuel,40.67959,-73.88007,0.0,0.863,0.0
fuel_station_bp_1139,fuel,40.65906,-73.89072,0.0,0.863,0.0
fuel_station_bp_1148,fuel,40.65291,-73.88671,0.0,0.863,0.0
fuel_station_conoco_1113,fuel,40.65312,-73.88626,0.0,0.863,0.0
fuel_station_mobil_1138,fuel,40.65872,-73.8913,0.0,0.863,0.0
fuel_station_unknown_gas_station_0627,fuel,40.65738,-73.89245,0.0,0.863,0.0
fuel_station_unknown_gas_station_0628,fuel,40.64898,-73.89197,0.0,0.863,0.0
power_livonia_avenue,power,40.66573,-73.8891,0.0,0.863,0.0
subway_cleveland_st_j,subway,40.67995,-73.88464,0.0,0.863,0.0
subway_crescent_st_jz,subway,40.68319,-73.87378,0.0,0.863,0.0
subway_east_105_st_l,subway,40.65057,-73.89948,0.0,0.863,0.0
subway_new_lots_av_l,subway,40.65873,-73.89923,0.0,0.863,0.0
subway_shepherd_av_c,subway,40.67413,-73.88075,0.0,0.863,0.0
subway_van_siclen_av_3,subway,40.66545,-73.88939,0.0,0.863,0.0
telecom_cluster_01985,telecom,40.64473,-73.8781,0.0,0.863,0.0
telecom_cluster_01986,telecom,40.645,-73.87498,0.0,0.863,0.0
telecom_cluster_02024,telecom,40.6491,-73.8972,0.0,0.863,0.0
telecom_cluster_02025,telecom,40.6506,-73.8906,0.0,0.863,0.0
telecom_cluster_02026,telecom,40.6524,-73.8858,0.0,0.863,0.0
telecom_cluster_02027,telecom,40.65165,-73.876,0.0,0.863,0.0
telecom_cluster_02069,telecom,40.6553,-73.88005,0.0,0.863,0.0
telecom_cluster_02070,telecom,40.6528,-73.8772,0.0,0.863,0.0
telecom_cluster_02104,telecom,40.65979,-73.8993,0.0,0.863,0.0
water_26_ward_water_pollution_cp,water,40.64813,-73.87584,0.0,0.863,0.0
water_26th_ward_wwtp,water,40.65242,-73.87902,0.0,0.863,0.0
water_paerdegat_basin_park_addition,water,40.62706,-73.91022,0.0,0.863,0.0
water_well_station_#32,water,40.68266,-73.81472,0.0,0.859,0.0
fuel_station_amoco_0336,fuel,40.66498,-73.73549,0.0,0.853,0.0
fuel_station_bp_0650,fuel,40.66514,-73.73328,0.0,0.853,0.0
fuel_station_bp_0721,fuel,40.66522,-73.72597,0.0,0.853,0.0
fuel_station_citgo_0663,fuel,40.67303,-73.72413,0.0,0.853,0.0
fuel_station_corocan_0699,fuel,40.66519,-73.73257,0.0,0.853,0.0
fuel_station_mobile_0217,fuel,40.67618,-73.74172,0.0,0.853,0.0
power_rosedale,power,40.66799,-73.73679,0.0,0.853,0.0
telecom_cluster_00223,telecom,40.6634,-73.7251,0.0,0.853,0.0
telecom_cluster_02167,telecom,40.6663,-73.7415,0.0,0.853,0.0
telecom_cluster_02202,telecom,40.6708,-73.7366,0.0,0.853,0.0
telecom_cluster_02203,telecom,40.6699,-73.7254,0.0,0.853,0.0
telecom_cluster_02249,telecom,40.6763,-73.7322,0.0,0.853,0.0
telecom_cluster_02294,telecom,40.6801,-73.72908,0.0,0.853,0.0
water_avenue_v_sewage_pumping_station,water,40.59355,-73.98126,0.0,0.853,0.0
hospital_maimonides_midwood_community_hospital,hospital,40.61392,-73.94849,0.0,0.844,0.0
water_pumping_stn_sewage_disposal,water,40.5913,-73.93386,0.0,0.844,0.0
hospital_mount_sinai____behavioral_health_center,hospital,40.72068,-73.9912,0.0,0.833,0.0
telecom_cluster_02967,telecom,40.74573,-73.90439,0.0,0.829,0.0
telecom_cluster_02968,telecom,40.74474,-73.90063,0.0,0.829,0.0
telecom_cluster_02908,telecom,40.74108,-73.8992,0.0,0.825,0.0
water_well_station_#36,water,40.67914,-73.72691,0.0,0.824,0.0
telecom_cluster_02596,telecom,40.71061,-73.85872,0.0,0.824,0.0
telecom_cluster_02966,telecom,40.74495,-73.90945,0.0,0.823,0.0
hospital_newyork_presbyterian_brooklyn_methodist,hospital,40.66781,-73.97911,0.0,0.818,0.0
hospital_nyu_langone_hospital___joseph_s__and_dia,hospital,40.69065,-73.99754,0.0,0.818,0.0
water_well_station_#60,water,40.68209,-73.73432,0.0,0.818,0.0
telecom_cluster_03095,telecom,40.75692,-73.85334,0.0,0.817,0.0
telecom_cluster_03097,telecom,40.75362,-73.8438,0.0,0.816,0.0
telecom_cluster_02753,telecom,40.72557,-73.90037,0.0,0.804,0.0
hospital_mount_sinai_west,hospital,40.76966,-73.9868,0.0,0.803,0.0
telecom_cluster_03307,telecom,40.7748,-73.8667,0.0,0.803,0.0
telecom_cluster_03342,telecom,40.7813,-73.8683,0.0,0.803,0.0
telecom_cluster_03260,telecom,40.77101,-73.86957,0.0,0.802,0.0
telecom_cluster_03306,telecom,40.77405,-73.87196,0.0,0.802,0.0
telecom_cluster_03305,telecom,40.77467,-73.87473,0.0,0.799,0.0
water_destratification_facility,water,40.66094,-73.83996,0.0,0.797,0.0
telecom_cluster_03030,telecom,40.74855,-73.9061,0.0,0.791,0.0
telecom_cluster_02712,telecom,40.7183,-73.8214,0.0,0.78,0.0
telecom_cluster_00458,telecom,40.70565,-73.9537,0.0,0.776,0.0
water_rockaway_water_pollution_cp,water,40.58425,-73.82619,0.0,0.767,0.0
telecom_cluster_02685,telecom,40.72003,-74.0006,0.0,0.765,0.0
telecom_cluster_03096,telecom,40.7544,-73.852,0.0,0.758,0.0
telecom_cluster_03144,telecom,40.7592,-73.85055,0.0,0.758,0.0
telecom_cluster_03263,telecom,40.7702,-73.8554,0.0,0.738,0.0
subway_beach_36_st_a,subway,40.5954,-73.76817,0.0,0.716,0.0
subway_beach_44_st_a,subway,40.59294,-73.77601,0.0,0.716,0.0
subway_beach_60_st_a,subway,40.59237,-73.78852,0.0,0.716,0.0
subway_beach_67_st_a,subway,40.59093,-73.79692,0.0,0.716,0.0
telecom_cluster_02586,telecom,40.7089,-73.9585,0.0,0.711,0.0
telecom_cluster_03650,telecom,40.8291,-73.892,0.0,0.696,0.0
telecom_cluster_02642,telecom,40.71392,-73.93622,0.0,0.685,0.0
telecom_cluster_02535,telecom,40.70685,-73.95405,0.0,0.662,0.0
hospital_new_york_presbyterian_hospital___columbi,hospital,40.84115,-73.94081,0.0,0.66,0.0
telecom_cluster_01833,telecom,40.62117,-73.93928,0.0,0.657,0.0
hospital_lenox_health_greenwich_village,hospital,40.73772,-74.00086,0.0,0.641,0.0
hospital_new_york_presbyterian_lower_manhattan_ho,hospital,40.71029,-74.00495,0.0,0.641,0.0
telecom_cluster_02657,telecom,40.71518,-73.82922,0.0,0.634,0.0
telecom_cluster_02710,telecom,40.71945,-73.82986,0.0,0.634,0.0
telecom_cluster_02711,telecom,40.71945,-73.82695,0.0,0.634,0.0
telecom_cluster_02585,telecom,40.71012,-73.97083,0.0,0.623,0.0
telecom_cluster_03712,telecom,40.84208,-73.902,0.0,0.622,0.0
telecom_cluster_02634,telecom,40.71474,-73.97588,0.0,0.622,0.0
telecom_cluster_00457,telecom,40.70565,-73.95936,0.0,0.62,0.0
telecom_cluster_02489,telecom,40.70122,-73.96118,0.0,0.62,0.0
telecom_cluster_03742,telecom,40.84527,-73.90042,0.0,0.619,0.0
telecom_cluster_02534,telecom,40.70522,-73.95899,0.0,0.619,0.0
telecom_cluster_03151,telecom,40.7623,-73.8086,0.0,0.619,0.0
telecom_cluster_02533,telecom,40.7037,-73.9646,0.0,0.618,0.0
telecom_cluster_01910,telecom,40.63558,-73.97525,0.0,0.617,0.0
telecom_cluster_01940,telecom,40.64065,-73.97963,0.0,0.616,0.0
telecom_cluster_01909,telecom,40.63509,-73.97799,0.0,0.614,0.0
water_well_station_#5,water,40.71407,-73.76012,0.0,0.614,0.0
telecom_cluster_02801,telecom,40.73082,-73.91578,0.0,0.61,0.0
telecom_cluster_03682,telecom,40.8347,-73.8916,0.0,0.61,0.0
water_mason_avenue_pumping_station,water,40.58098,-74.09152,0.0,0.61,0.0
telecom_cluster_02797,telecom,40.7313,-73.9472,0.0,0.608,0.0
telecom_cluster_02802,telecom,40.72863,-73.91014,0.0,0.607,0.0
water_well_station_#7,water,40.71759,-73.753,0.0,0.607,0.0
telecom_cluster_03711,telecom,40.83946,-73.90399,0.0,0.604,0.0
telecom_cluster_02602,telecom,40.7104,-73.83055,0.0,0.604,0.0
telecom_cluster_02547,telecom,40.7069,-73.8281,0.0,0.596,0.0
telecom_cluster_02546,telecom,40.7068,-73.8497,0.0,0.581,0.0
telecom_cluster_02655,telecom,40.71565,-73.84107,0.0,0.581,0.0
telecom_cluster_02656,telecom,40.71509,-73.83463,0.0,0.581,0.0
telecom_cluster_02750,telecom,40.72485,-73.92015,0.0,0.577,0.0
telecom_cluster_02603,telecom,40.7091,-73.8202,0.0,0.568,0.0
water_154th_st_pumping_station,water,40.79489,-73.80667,0.0,0.538,0.0
telecom_cluster_00586,telecom,40.7209,-73.8312,0.0,0.538,0.0
telecom_cluster_03043,telecom,40.7502,-73.8356,0.0,0.538,0.0
water_wastewater_pumping_station,water,40.77556,-73.83079,0.0,0.534,0.0
telecom_cluster_00629,telecom,40.7259,-73.8287,0.0,0.533,0.0
water_well_station_#19,water,40.71238,-73.79205,0.0,0.533,0.0
telecom_cluster_00548,telecom,40.71565,-73.81545,0.0,0.532,0.0
telecom_cluster_02532,telecom,40.7045,-73.9677,0.0,0.531,0.0
fuel_station_amoco_0206,fuel,40.7201,-73.80945,0.0,0.529,0.0
fuel_station_bp_0616,fuel,40.72687,-73.81042,0.0,0.529,0.0
fuel_station_gulf_0703,fuel,40.71735,-73.81758,0.0,0.529,0.0
fuel_station_hillside_ave_mobil_mart_1009,fuel,40.70945,-73.79748,0.0,0.529,0.0
fuel_station_mobil_0108,fuel,40.72189,-73.80411,0.0,0.529,0.0
fuel_station_mobil_0543,fuel,40.71397,-73.80749,0.0,0.529,0.0
fuel_station_mobil_0887,fuel,40.73292,-73.82549,0.0,0.529,0.0
fuel_station_shell_0617,fuel,40.71838,-73.81566,0.0,0.529,0.0
fuel_station_unknown_gas_station_0737,fuel,40.72643,-73.82137,0.0,0.529,0.0
subway_169_st_f,subway,40.71047,-73.7936,0.0,0.529,0.0
telecom_cluster_00587,telecom,40.7199,-73.7962,0.0,0.529,0.0
telecom_cluster_02660,telecom,40.716,-73.81367,0.0,0.529,0.0
telecom_cluster_02662,telecom,40.71605,-73.8056,0.0,0.529,0.0
telecom_cluster_02663,telecom,40.71672,-73.80113,0.0,0.529,0.0
telecom_cluster_02713,telecom,40.71857,-73.79407,0.0,0.529,0.0
telecom_cluster_02765,telecom,40.7274,-73.811,0.0,0.529,0.0
telecom_cluster_02814,telecom,40.72926,-73.81377,0.0,0.529,0.0
telecom_cluster_02815,telecom,40.72845,-73.81144,0.0,0.529,0.0
telecom_cluster_02865,telecom,40.73605,-73.8286,0.0,0.529,0.0
telecom_cluster_02868,telecom,40.73464,-73.81479,0.0,0.529,0.0
telecom_cluster_02926,telecom,40.7384,-73.7977,0.0,0.529,0.0
water_flushing_meadow_corona_park,water,40.72327,-73.82714,0.0,0.529,0.0
water_well_station_#18,water,40.71502,-73.80308,0.0,0.529,0.0
water_well_station_#50,water,40.72339,-73.80992,0.0,0.529,0.0
water_well_station_#51,water,40.72236,-73.80418,0.0,0.529,0.0
water_well_station_#52,water,40.72879,-73.80855,0.0,0.529,0.0
water_well_station_#53,water,40.72497,-73.8076,0.0,0.529,0.0
hospital_staten_island_university_hosp_north,hospital,40.58476,-74.08605,0.0,0.522,0.0
telecom_cluster_02851,telecom,40.7363,-73.9108,0.0,0.511,0.0
telecom_cluster_00999,telecom,40.7706,-73.8704,0.0,0.51,0.0
telecom_cluster_03205,telecom,40.76677,-73.86357,0.0,0.51,0.0
water_brx_9_10_11_sanitation_garage,water,40.82506,-73.84224,0.0,0.51,0.0
water_hunts_pt_market_wholesale,water,40.80753,-73.87024,0.0,0.51,0.0
water_rikers_island_corr__complex,water,40.79113,-73.88264,0.0,0.51,0.0
water_tallman_island_wwtp,water,40.79403,-73.84026,0.0,0.51,0.0
water_tallmans_island_wwtp,water,40.79494,-73.83934,0.0,0.51,0.0
water_throgs_neck_sewage_pump_station,water,40.82462,-73.84147,0.0,0.51,0.0
water_virginia_park,water,40.83348,-73.86218,0.0,0.51,0.0
hospital_queens_hospital_center,hospital,40.71778,-73.80529,0.0,0.509,0.0
