variant,cell,torch_seed,split,n_runs,bce_non_seed,loss_type_avg,count_wape_t0,count_wape_t1,count_wape_t2,count_wape_t3,count_bias_t0,count_bias_t1,count_bias_t2,count_bias_t3,ap_t0,ap_t1,ap_t2,ap_t3,ece_t0,ece_t1,ece_t2,ece_t3,precision_last,recall_last,window_given_failure_exact,lookup_bce_non_seed,lookup_count_wape_last,saved_val_loss
ctx,dynamic_mask,1,val,3400,0.07084,0.09253,0.111,0.1155,0.1203,0.1645,-0.0225,-0.0253,-0.0181,-0.0161,0.9545,0.9607,0.9533,0.9664,0.0021,0.00325,0.00312,0.00417,0.9114,0.9042,0.7967,0.09533,0.1839,0.09252575703740683
ctx,dynamic_mask,1,914_6,1000,0.01634,0.03827,0.1854,0.108,0.1091,0.1703,0.1357,0.0502,0.0489,0.1287,0.9643,0.9735,0.9666,0.9704,0.00318,0.00179,0.00177,0.00532,0.9224,0.8925,0.7938,0.02163,0.1779,0.09252575703740683
ctx,dynamic_mask,1,258_9,1000,0.14951,0.17026,0.0483,0.171,0.1437,0.2038,-0.028,-0.0817,-0.0331,-0.0235,0.9811,0.9681,0.9693,0.9894,0.00677,0.02366,0.012,0.01965,0.877,0.8838,0.7935,0.16305,0.1905,0.09252575703740683
ctx,dynamic_mask,1,808_27,1000,0.13796,0.16038,0.2044,0.085,0.0517,0.0233,-0.2042,-0.0716,-0.0478,-0.0088,0.9622,0.9907,0.9926,0.9963,0.05471,0.0275,0.02089,0.01784,0.9628,0.9845,0.7855,0.18576,0.0531,0.09252575703740683
ctx,dynamic_mask,1,605_5,1000,0.17879,0.18406,0.1933,0.0575,0.0337,0.0452,-0.1933,-0.056,-0.0111,0.0443,0.9472,0.9851,0.9902,0.9951,0.06996,0.02733,0.00794,0.02626,0.9357,0.9846,0.7262,0.43863,0.0826,0.09252575703740683
ctx,dynamic_mask,1,gc_2050,1000,0.14744,0.187,0.0399,0.1606,0.0934,0.1383,-0.0272,-0.1499,-0.0839,-0.1245,0.9655,0.9734,0.9697,0.9863,0.0073,0.051,0.03593,0.06724,0.9534,0.8991,0.8225,0.50151,0.3476,0.09252575703740683
ctx,dynamic_mask,2,val,3400,0.07083,0.09241,0.1089,0.1158,0.1201,0.1652,-0.0232,-0.0213,-0.0166,-0.0194,0.9548,0.9598,0.9526,0.9657,0.00221,0.00277,0.00306,0.00451,0.9128,0.9024,0.7963,0.09533,0.1839,0.0924145161552847
ctx,dynamic_mask,2,914_6,1000,0.01608,0.03743,0.1876,0.1121,0.1122,0.1778,0.1405,0.051,0.0547,0.1386,0.9693,0.9758,0.9684,0.9731,0.00346,0.00216,0.00231,0.00599,0.9319,0.8893,0.7961,0.02163,0.1779,0.0924145161552847
ctx,dynamic_mask,2,258_9,1000,0.149,0.17086,0.0494,0.1685,0.1427,0.2047,-0.0303,-0.0661,-0.0279,-0.0287,0.98,0.9701,0.9695,0.9896,0.00736,0.01916,0.01101,0.02211,0.883,0.8755,0.7989,0.16305,0.1905,0.0924145161552847
ctx,dynamic_mask,2,808_27,1000,0.13674,0.15778,0.2044,0.0911,0.0601,0.0285,-0.2042,-0.0783,-0.0569,-0.016,0.964,0.9912,0.9925,0.9962,0.05471,0.03007,0.02488,0.01515,0.9645,0.9819,0.7874,0.18576,0.0531,0.0924145161552847
ctx,dynamic_mask,2,605_5,1000,0.17567,0.18265,0.2057,0.0732,0.0337,0.0392,-0.2057,-0.072,-0.0212,0.0371,0.9551,0.9868,0.9907,0.9952,0.06712,0.03237,0.0125,0.02285,0.9419,0.9803,0.7458,0.43863,0.0826,0.0924145161552847
ctx,dynamic_mask,2,gc_2050,1000,0.14679,0.18544,0.0383,0.1535,0.0959,0.1489,-0.0225,-0.1421,-0.0866,-0.1358,0.9684,0.975,0.971,0.9874,0.00721,0.0475,0.03603,0.07221,0.9595,0.8634,0.8338,0.50151,0.3476,0.0924145161552847
ctx,dynamic_timing,1,val,3400,0.06892,0.09019,0.0992,0.1144,0.1178,0.1615,-0.0172,-0.0335,-0.0358,-0.0348,0.9593,0.9641,0.9565,0.9714,0.00191,0.00429,0.00564,0.00743,0.9192,0.9017,0.8002,0.09533,0.1839,0.09018632720182734
ctx,dynamic_timing,1,914_6,1000,0.01467,0.03704,0.1526,0.096,0.101,0.1206,0.0745,0.0027,-0.0057,0.0328,0.9724,0.9783,0.9719,0.9755,0.00248,0.00192,0.00191,0.00444,0.9497,0.8621,0.8316,0.02163,0.1779,0.09018632720182734
ctx,dynamic_timing,1,258_9,1000,0.17032,0.18879,0.0615,0.2019,0.1625,0.2177,-0.0533,-0.1837,-0.1245,-0.1028,0.9792,0.9633,0.9678,0.988,0.01211,0.05323,0.0434,0.04672,0.937,0.7905,0.7182,0.16305,0.1905,0.09018632720182734
ctx,dynamic_timing,1,808_27,1000,0.14168,0.15672,0.1458,0.1039,0.0813,0.0555,-0.1449,-0.0926,-0.0787,-0.0472,0.9618,0.9915,0.9924,0.9954,0.03883,0.03556,0.03441,0.02794,0.9686,0.9791,0.8028,0.18576,0.0531,0.09018632720182734
ctx,dynamic_timing,1,605_5,1000,0.1841,0.18584,0.0949,0.0407,0.0331,0.0215,-0.0932,-0.0366,-0.0181,0.0129,0.9535,0.9805,0.9863,0.9924,0.04455,0.02724,0.01481,0.02197,0.9393,0.9752,0.7655,0.43863,0.0826,0.09018632720182734
ctx,dynamic_timing,1,gc_2050,1000,0.19346,0.22651,0.0473,0.2272,0.1563,0.1909,-0.0382,-0.2226,-0.1511,-0.1806,0.9638,0.9581,0.9609,0.985,0.01332,0.07521,0.05885,0.09602,0.9613,0.7787,0.7303,0.50151,0.3476,0.09018632720182734
ctx,dynamic_timing,2,val,3400,0.0686,0.08977,0.103,0.1093,0.1116,0.1604,-0.0292,-0.0202,-0.0209,-0.0231,0.9605,0.965,0.9569,0.9715,0.00252,0.00259,0.00329,0.00514,0.9146,0.9059,0.8023,0.09533,0.1839,0.08976802505663477
ctx,dynamic_timing,2,914_6,1000,0.01475,0.03685,0.1514,0.0961,0.1,0.1293,0.071,0.0104,0.012,0.058,0.974,0.9792,0.9712,0.9749,0.00252,0.00163,0.00173,0.00481,0.9503,0.8687,0.8263,0.02163,0.1779,0.08976802505663477
ctx,dynamic_timing,2,258_9,1000,0.1656,0.18669,0.0705,0.1876,0.1567,0.2142,-0.0641,-0.1512,-0.1017,-0.085,0.9808,0.9653,0.9685,0.9881,0.01194,0.04382,0.03543,0.04044,0.9214,0.8122,0.7494,0.16305,0.1905,0.08976802505663477
ctx,dynamic_timing,2,808_27,1000,0.13244,0.15056,0.157,0.0907,0.0664,0.047,-0.1564,-0.0779,-0.0635,-0.0377,0.967,0.9914,0.9924,0.9955,0.04191,0.02992,0.02778,0.02659,0.9673,0.9814,0.8013,0.18576,0.0531,0.08976802505663477
ctx,dynamic_timing,2,605_5,1000,0.18321,0.20546,0.1016,0.0695,0.038,0.0284,-0.1007,-0.0683,-0.0328,0.023,0.9484,0.9818,0.9871,0.9927,0.05152,0.0358,0.01627,0.01933,0.9398,0.9817,0.7465,0.43863,0.0826,0.08976802505663477
ctx,dynamic_timing,2,gc_2050,1000,0.19046,0.22465,0.0589,0.2049,0.1435,0.1783,-0.0551,-0.1986,-0.1373,-0.1672,0.9618,0.9561,0.9601,0.9842,0.01674,0.06955,0.05562,0.0889,0.9573,0.7963,0.7586,0.50151,0.3476,0.08976802505663477
ctx,static_mask,1,val,3400,0.04532,0.06573,0.058,0.0927,0.1104,0.1448,-0.0053,-0.008,0.0071,0.0177,0.9741,0.971,0.9592,0.9714,0.00057,0.001,0.00173,0.00618,0.9079,0.9106,0.8709,0.07092,0.1911,0.06572848458340462
ctx,static_mask,1,914_6,1000,0.01199,0.03351,0.0404,0.0624,0.101,0.1365,0.0155,0.0465,0.0264,0.0777,0.9888,0.9785,0.9698,0.9751,0.00065,0.00145,0.00172,0.00419,0.9328,0.8879,0.8876,0.01887,0.1937,0.06572848458340462
ctx,static_mask,1,258_9,1000,0.05477,0.08244,0.034,0.0274,0.0565,0.0324,-0.0055,0.0059,0.0296,0.0258,0.9714,0.9923,0.9784,0.9913,0.001,0.00225,0.00691,0.00801,0.9463,0.9723,0.8572,0.0733,0.0414,0.06572848458340462
ctx,static_mask,1,808_27,1000,0.06257,0.08316,0.0756,0.0277,0.0449,0.0229,-0.0417,-0.0144,0.0002,0.0099,0.9639,0.9898,0.9805,0.9936,0.00359,0.0036,0.00428,0.00568,0.9631,0.9587,0.8349,0.07064,0.0348,0.06572848458340462
ctx,static_mask,1,605_5,1000,0.10032,0.13834,0.1415,0.0275,0.053,0.0308,-0.0621,-0.025,-0.021,0.0161,0.9397,0.98,0.9739,0.993,0.00906,0.00912,0.0153,0.00893,0.9589,0.9533,0.7598,0.24116,0.0967,0.06572848458340462
ctx,static_mask,1,gc_2050,1000,0.0576,0.09367,0.0347,0.0249,0.0457,0.0212,-0.0114,-0.0111,-0.0114,0.0156,0.9599,0.9909,0.9771,0.9924,0.00152,0.00437,0.00314,0.00511,0.9562,0.9676,0.8353,0.16625,0.0889,0.06572848458340462
ctx,static_mask,2,val,3400,0.04446,0.06525,0.0636,0.0921,0.1148,0.1529,-0.0332,-0.011,0.0172,-0.0023,0.9751,0.9724,0.9605,0.9752,0.00114,0.001,0.00217,0.00163,0.9135,0.9071,0.8704,0.07092,0.1911,0.0652491206769738
ctx,static_mask,2,914_6,1000,0.01188,0.03306,0.0468,0.0568,0.1009,0.1543,-0.0156,0.0376,0.0222,0.1052,0.9909,0.9808,0.9729,0.9779,0.00047,0.00143,0.0021,0.00592,0.9434,0.8752,0.8907,0.01887,0.1937,0.0652491206769738
ctx,static_mask,2,258_9,1000,0.05477,0.08173,0.0392,0.0273,0.0612,0.0295,-0.0257,0.0023,0.0429,0.0194,0.972,0.9924,0.9779,0.9923,0.00205,0.00245,0.00956,0.00732,0.9485,0.9708,0.8532,0.0733,0.0414,0.0652491206769738
ctx,static_mask,2,808_27,1000,0.06235,0.08295,0.0877,0.0279,0.0481,0.0232,-0.0593,-0.0151,0.0204,0.0107,0.9639,0.9904,0.9803,0.994,0.0051,0.00279,0.00556,0.0046,0.9648,0.9575,0.8377,0.07064,0.0348,0.0652491206769738
ctx,static_mask,2,605_5,1000,0.09772,0.13684,0.1464,0.0301,0.0472,0.0364,-0.0703,-0.0281,0.015,0.0241,0.9396,0.9811,0.9751,0.9928,0.00961,0.00799,0.00964,0.00931,0.9489,0.956,0.7526,0.24116,0.0967,0.0652491206769738
ctx,static_mask,2,gc_2050,1000,0.05733,0.09383,0.0475,0.0261,0.0434,0.0216,-0.0417,-0.0134,0.0155,0.016,0.9597,0.9911,0.9773,0.9934,0.00268,0.00417,0.00424,0.00658,0.9554,0.9671,0.8314,0.16625,0.0889,0.0652491206769738
ctx,static_timing,1,val,3400,0.04473,0.0655,0.0584,0.0936,0.112,0.1525,-0.0115,-0.0153,0.0042,-0.0066,0.9735,0.9717,0.9598,0.9739,0.00068,0.00132,0.00139,0.00234,0.9114,0.9065,0.8715,0.07092,0.1911,0.06550312183519102
ctx,static_timing,1,914_6,1000,0.01181,0.03336,0.0383,0.0563,0.0986,0.1442,0.0108,0.0385,0.0139,0.0911,0.9893,0.9802,0.9719,0.9765,0.00045,0.0012,0.00142,0.00525,0.9399,0.8781,0.8902,0.01887,0.1937,0.06550312183519102
ctx,static_timing,1,258_9,1000,0.05485,0.08159,0.0341,0.0277,0.056,0.0285,-0.0091,-0.0059,0.0273,0.0166,0.9714,0.9923,0.978,0.992,0.00172,0.0016,0.00692,0.00649,0.9463,0.9719,0.8551,0.0733,0.0414,0.06550312183519102
ctx,static_timing,1,808_27,1000,0.06221,0.08215,0.0814,0.0261,0.0453,0.0273,-0.0506,-0.0109,0.0111,0.02,0.9616,0.9907,0.9813,0.9938,0.00436,0.0024,0.00372,0.00661,0.9573,0.966,0.8386,0.07064,0.0348,0.06550312183519102
ctx,static_timing,1,605_5,1000,0.10864,0.13815,0.1581,0.0173,0.0479,0.0721,-0.0907,0.0023,0.0195,0.0627,0.9356,0.9769,0.9698,0.9914,0.01253,0.0161,0.01734,0.02226,0.9161,0.9605,0.7494,0.24116,0.0967,0.06550312183519102
ctx,static_timing,1,gc_2050,1000,0.05651,0.09154,0.0347,0.0262,0.0437,0.0216,-0.0144,-0.0134,-0.0008,0.0156,0.9589,0.9916,0.9788,0.9932,0.00145,0.00403,0.00514,0.0075,0.9515,0.9694,0.834,0.16625,0.0889,0.06550312183519102
ctx,static_timing,2,val,3400,0.04443,0.06509,0.0569,0.0955,0.1127,0.1527,-0.0151,-0.0176,0.0064,-0.0058,0.9755,0.9741,0.9619,0.976,0.00076,0.00149,0.00157,0.00189,0.9117,0.9076,0.8721,0.07092,0.1911,0.06509422969113836
ctx,static_timing,2,914_6,1000,0.01174,0.03316,0.0382,0.0619,0.1039,0.1479,0.0107,0.0468,0.0344,0.0968,0.991,0.9826,0.9745,0.9784,0.0006,0.00156,0.00213,0.00502,0.9341,0.885,0.8899,0.01887,0.1937,0.06509422969113836
ctx,static_timing,2,258_9,1000,0.05473,0.08145,0.0347,0.0278,0.0562,0.0284,-0.0108,-0.0056,0.0287,0.017,0.9716,0.9925,0.9781,0.9921,0.0013,0.00175,0.00719,0.00725,0.9435,0.9726,0.8559,0.0733,0.0414,0.06509422969113836
ctx,static_timing,2,808_27,1000,0.0622,0.08208,0.0746,0.0273,0.0453,0.0278,-0.0397,-0.0137,0.0103,0.0209,0.9629,0.9908,0.981,0.9938,0.00342,0.00372,0.00409,0.00698,0.9572,0.9681,0.8375,0.07064,0.0348,0.06509422969113836
ctx,static_timing,2,605_5,1000,0.12134,0.15092,0.1412,0.0534,0.0798,0.112,-0.0617,0.0531,0.071,0.1039,0.9344,0.9733,0.9646,0.9896,0.00904,0.02137,0.02947,0.03629,0.8826,0.9635,0.7524,0.24116,0.0967,0.06509422969113836
ctx,static_timing,2,gc_2050,1000,0.05737,0.09373,0.0356,0.0283,0.044,0.0205,-0.0163,-0.0178,-0.0033,0.0132,0.957,0.9914,0.9781,0.9931,0.00191,0.00434,0.00597,0.0067,0.9518,0.9673,0.8322,0.16625,0.0889,0.06509422969113836
plain,dynamic_mask,0,val,3400,0.16188,0.18798,0.3895,0.4213,0.4668,0.5385,0.0018,0.0179,0.021,0.0282,0.9009,0.9038,0.8949,0.9173,0.00205,0.00672,0.0074,0.00842,0.7545,0.658,0.7246,0.09533,0.1839,0.1879840115022243
plain,dynamic_mask,0,914_6,1000,0.10342,0.12792,1.474,1.8033,2.16,3.2606,1.474,1.8033,2.16,3.2564,0.9149,0.8965,0.8988,0.8935,0.03065,0.05786,0.07584,0.12338,0.2928,0.9007,0.7356,0.02163,0.1779,0.1879840115022243
plain,dynamic_mask,0,258_9,1000,0.25061,0.27111,0.2295,0.3069,0.3131,0.3323,-0.2289,-0.3061,-0.3119,-0.3301,0.9481,0.9522,0.9477,0.9784,0.04234,0.08869,0.10868,0.15004,0.9774,0.6097,0.7942,0.16305,0.1905,0.1879840115022243
plain,dynamic_mask,0,808_27,1000,0.38292,0.38188,0.3934,0.4214,0.4025,0.4081,-0.3934,-0.4214,-0.4025,-0.4081,0.9596,0.9863,0.9821,0.9915,0.10541,0.16191,0.17607,0.22359,0.9952,0.5561,0.7471,0.18576,0.0531,0.1879840115022243
plain,dynamic_mask,0,605_5,1000,0.48551,0.48768,0.3972,0.4229,0.3883,0.3742,-0.3972,-0.4229,-0.3883,-0.3742,0.9574,0.9837,0.9862,0.9917,0.12961,0.18467,0.18349,0.20939,0.9944,0.5877,0.6902,0.43863,0.0826,0.1879840115022243
plain,dynamic_mask,0,gc_2050,1000,0.30115,0.32823,0.2082,0.3739,0.3592,0.4143,-0.208,-0.3739,-0.3592,-0.4143,0.9551,0.9589,0.9486,0.9818,0.03872,0.12423,0.13844,0.22026,0.9867,0.5505,0.8211,0.50151,0.3476,0.1879840115022243
plain,dynamic_mask,1,val,3400,0.16154,0.18766,0.3881,0.4191,0.4652,0.5386,-0.0105,0.0127,0.013,0.0248,0.8984,0.9021,0.8934,0.9162,0.0021,0.00552,0.00592,0.00715,0.7487,0.6686,0.7239,0.09533,0.1839,0.1876602981009466
plain,dynamic_mask,1,914_6,1000,0.10202,0.12682,1.4203,1.7724,2.118,3.2398,1.4203,1.7724,2.118,3.2356,0.9118,0.8964,0.8972,0.8916,0.02984,0.05672,0.07406,0.12231,0.2836,0.9052,0.7618,0.02163,0.1779,0.1876602981009466
plain,dynamic_mask,1,258_9,1000,0.25127,0.2711,0.2363,0.3092,0.3168,0.3346,-0.2357,-0.3084,-0.3156,-0.3324,0.9481,0.9524,0.9487,0.9792,0.044,0.08936,0.10999,0.15108,0.9792,0.6199,0.793,0.16305,0.1905,0.1876602981009466
plain,dynamic_mask,1,808_27,1000,0.38402,0.38098,0.3989,0.4242,0.4068,0.411,-0.3989,-0.4242,-0.4068,-0.411,0.9623,0.9864,0.9828,0.9921,0.1069,0.16296,0.17796,0.22519,0.9955,0.5617,0.7455,0.18576,0.0531,0.1876602981009466
plain,dynamic_mask,1,605_5,1000,0.49429,0.48772,0.4036,0.4263,0.3938,0.3791,-0.4036,-0.4263,-0.3938,-0.3791,0.9596,0.9843,0.9869,0.9925,0.1317,0.18614,0.18606,0.21215,0.9954,0.5872,0.6895,0.43863,0.0826,0.1876602981009466
plain,dynamic_mask,1,gc_2050,1000,0.30218,0.32794,0.2099,0.3737,0.3616,0.4151,-0.2097,-0.3737,-0.3616,-0.4151,0.954,0.9586,0.9503,0.9821,0.03904,0.12415,0.13934,0.2207,0.987,0.559,0.8155,0.50151,0.3476,0.1876602981009466
plain,dynamic_mask,2,val,3400,0.16185,0.18793,0.3892,0.4216,0.4674,0.5399,0.002,0.0235,0.0239,0.035,0.9009,0.9034,0.8951,0.9161,0.00219,0.00649,0.00714,0.00896,0.7444,0.6746,0.7239,0.09533,0.1839,0.18792937761976147
plain,dynamic_mask,2,914_6,1000,0.10416,0.12824,1.4657,1.8201,2.1728,3.3071,1.4657,1.8201,2.1728,3.303,0.9113,0.8957,0.9004,0.8903,0.03043,0.05786,0.07591,0.12482,0.2757,0.9088,0.7574,0.02163,0.1779,0.18792937761976147
plain,dynamic_mask,2,258_9,1000,0.24943,0.27016,0.2306,0.3045,0.3118,0.3304,-0.23,-0.3036,-0.3105,-0.3281,0.9487,0.9524,0.948,0.979,0.04361,0.08798,0.10822,0.14916,0.9797,0.6236,0.7934,0.16305,0.1905,0.18792937761976147
plain,dynamic_mask,2,808_27,1000,0.38071,0.38027,0.3934,0.4188,0.4016,0.4071,-0.3934,-0.4188,-0.4016,-0.4071,0.961,0.9853,0.9822,0.9916,0.1054,0.1609,0.17567,0.22307,0.9954,0.5623,0.748,0.18576,0.0531,0.18792937761976147
plain,dynamic_mask,2,605_5,1000,0.48453,0.48626,0.4011,0.424,0.3902,0.376,-0.4011,-0.424,-0.3902,-0.376,0.9594,0.9848,0.9876,0.9923,0.13088,0.18517,0.18438,0.21038,0.9958,0.5903,0.6884,0.43863,0.0826,0.18792937761976147
plain,dynamic_mask,2,gc_2050,1000,0.3003,0.32676,0.2055,0.3714,0.3579,0.4126,-0.2053,-0.3714,-0.3579,-0.4126,0.9542,0.9597,0.9492,0.9813,0.03821,0.12339,0.13793,0.21934,0.9863,0.5596,0.8187,0.50151,0.3476,0.18792937761976147
plain,dynamic_timing,0,val,3400,0.14058,0.16508,0.2504,0.3264,0.3639,0.4608,-0.0074,-0.0018,0.0046,0.0326,0.9194,0.9172,0.904,0.9236,0.00243,0.00526,0.00576,0.00945,0.8179,0.676,0.7491,0.09533,0.1839,0.16508133113448162
plain,dynamic_timing,0,914_6,1000,0.0819,0.10624,0.9126,1.3614,1.695,2.8052,0.9126,1.3605,1.6946,2.8,0.9428,0.9353,0.9355,0.9283,0.0221,0.04528,0.06087,0.10708,0.4121,0.9318,0.8086,0.02163,0.1779,0.16508133113448162
plain,dynamic_timing,0,258_9,1000,0.24707,0.25896,0.2317,0.3063,0.2975,0.3038,-0.2311,-0.3054,-0.296,-0.3012,0.9487,0.9496,0.9463,0.9773,0.04474,0.0885,0.10316,0.13691,0.97,0.6005,0.7937,0.16305,0.1905,0.16508133113448162
plain,dynamic_timing,0,808_27,1000,0.30166,0.30842,0.2275,0.2926,0.2853,0.2961,-0.2273,-0.2924,-0.2853,-0.2956,0.9596,0.98,0.9781,0.9878,0.06092,0.11234,0.1248,0.16195,0.9843,0.673,0.7694,0.18576,0.0531,0.16508133113448162
plain,dynamic_timing,0,605_5,1000,0.41319,0.43028,0.2818,0.3229,0.2936,0.2787,-0.2818,-0.3229,-0.2936,-0.2783,0.9439,0.9688,0.9738,0.9814,0.09298,0.14202,0.14067,0.15757,0.9773,0.6795,0.7137,0.43863,0.0826,0.16508133113448162
plain,dynamic_timing,0,gc_2050,1000,0.30052,0.31999,0.1929,0.3579,0.3345,0.3787,-0.1927,-0.3579,-0.3345,-0.3786,0.944,0.9512,0.943,0.9777,0.03727,0.11936,0.12913,0.2013,0.9747,0.5558,0.8117,0.50151,0.3476,0.16508133113448162
plain,dynamic_timing,1,val,3400,0.14028,0.16455,0.252,0.3261,0.3652,0.4606,-0.0063,0.0064,0.0111,0.041,0.9206,0.9178,0.9049,0.9253,0.00258,0.00627,0.00617,0.01133,0.8116,0.6849,0.7508,0.09533,0.1839,0.1645548128112968
plain,dynamic_timing,1,914_6,1000,0.08373,0.1063,0.9277,1.4014,1.7434,2.881,0.9277,1.4005,1.743,2.8759,0.9438,0.9362,0.9357,0.9297,0.02221,0.046,0.06186,0.10943,0.3932,0.9364,0.8075,0.02163,0.1779,0.1645548128112968
plain,dynamic_timing,1,258_9,1000,0.24381,0.25753,0.2318,0.3021,0.297,0.3016,-0.2312,-0.3012,-0.2956,-0.2989,0.9501,0.9503,0.9481,0.9777,0.04445,0.08729,0.10301,0.13588,0.9686,0.6083,0.7954,0.16305,0.1905,0.1645548128112968
plain,dynamic_timing,1,808_27,1000,0.29935,0.30974,0.231,0.2989,0.2894,0.2913,-0.2308,-0.2988,-0.2894,-0.2908,0.9622,0.9819,0.979,0.9863,0.06184,0.11477,0.12659,0.15931,0.9812,0.6808,0.7658,0.18576,0.0531,0.1645548128112968
plain,dynamic_timing,1,605_5,1000,0.4256,0.44253,0.3031,0.3403,0.3076,0.2845,-0.3031,-0.3403,-0.3076,-0.2841,0.9461,0.9713,0.9753,0.9825,0.10252,0.14991,0.14654,0.16007,0.9776,0.6792,0.7073,0.43863,0.0826,0.1645548128112968
plain,dynamic_timing,1,gc_2050,1000,0.29768,0.32196,0.1894,0.3553,0.3333,0.3757,-0.1892,-0.3553,-0.3333,-0.3756,0.9453,0.9518,0.9417,0.9769,0.03678,0.11818,0.12905,0.19971,0.9746,0.5626,0.8107,0.50151,0.3476,0.1645548128112968
plain,dynamic_timing,2,val,3400,0.14037,0.16464,0.2515,0.3238,0.3617,0.4579,0.0024,0.0199,0.0233,0.048,0.9206,0.9198,0.9065,0.9243,0.00237,0.00623,0.0067,0.01157,0.8108,0.6863,0.7512,0.09533,0.1839,0.1646420721957168
plain,dynamic_timing,2,914_6,1000,0.08419,0.10738,0.9521,1.4423,1.7692,2.8804,0.9521,1.4415,1.7689,2.8753,0.9398,0.9402,0.9342,0.9307,0.02207,0.04709,0.06217,0.10953,0.4039,0.9461,0.8122,0.02163,0.1779,0.1646420721957168
plain,dynamic_timing,2,258_9,1000,0.24088,0.25562,0.2262,0.2921,0.2847,0.2925,-0.2256,-0.291,-0.2831,-0.2898,0.948,0.9505,0.9467,0.9759,0.04286,0.08433,0.09864,0.13171,0.962,0.6116,0.7957,0.16305,0.1905,0.1646420721957168
plain,dynamic_timing,2,808_27,1000,0.29592,0.30706,0.2188,0.2867,0.2802,0.2927,-0.2185,-0.2866,-0.2802,-0.2921,0.9592,0.9805,0.9784,0.9874,0.05856,0.11009,0.12257,0.16005,0.9826,0.6778,0.7699,0.18576,0.0531,0.1646420721957168
plain,dynamic_timing,2,605_5,1000,0.40163,0.4309,0.2847,0.3228,0.2955,0.2845,-0.2847,-0.3228,-0.2955,-0.2841,0.947,0.9705,0.9745,0.9838,0.09292,0.14098,0.13995,0.1596,0.9809,0.6815,0.7132,0.43863,0.0826,0.1646420721957168
plain,dynamic_timing,2,gc_2050,1000,0.29493,0.31859,0.1855,0.3446,0.324,0.3709,-0.1853,-0.3446,-0.324,-0.3708,0.9431,0.95,0.9416,0.9772,0.03563,0.11627,0.12635,0.19714,0.9741,0.5655,0.8123,0.50151,0.3476,0.1646420721957168
plain,static_mask,0,val,3400,0.08133,0.10796,0.0939,0.3117,0.3246,0.4863,-0.0168,-0.0145,0.0043,0.0208,0.956,0.9259,0.9075,0.9221,0.00157,0.00194,0.00259,0.00551,0.851,0.6051,0.8589,0.07092,0.1911,0.10796490717480671
plain,static_mask,0,914_6,1000,0.06077,0.0856,0.1349,0.8457,0.9522,2.2812,-0.1149,0.8435,0.9503,2.2747,0.9694,0.8658,0.8666,0.857,0.00378,0.02479,0.03317,0.08222,0.5882,0.884,0.8767,0.01887,0.1937,0.10796490717480671
plain,static_mask,0,258_9,1000,0.09654,0.12522,0.0343,0.1702,0.1746,0.2245,0.0014,-0.1681,-0.1726,-0.2204,0.9649,0.9804,0.9535,0.9789,0.00359,0.02785,0.03509,0.06839,0.9586,0.6247,0.8487,0.0733,0.0414,0.10796490717480671
plain,static_mask,0,808_27,1000,0.1144,0.14019,0.083,0.1764,0.2153,0.222,-0.0549,-0.1761,-0.2152,-0.221,0.9543,0.9762,0.9618,0.9845,0.00618,0.03277,0.0501,0.07328,0.9717,0.6534,0.8079,0.07064,0.0348,0.10796490717480671
plain,static_mask,0,605_5,1000,0.15563,0.20845,0.1865,0.1394,0.2208,0.1852,-0.1391,-0.1394,-0.2208,-0.1852,0.9336,0.9733,0.9687,0.9881,0.0198,0.03004,0.05961,0.06395,0.9799,0.7335,0.7309,0.24116,0.0967,0.10796490717480671
plain,static_mask,0,gc_2050,1000,0.09694,0.14227,0.0341,0.1375,0.1866,0.2101,0.0052,-0.1372,-0.1864,-0.2095,0.9551,0.9819,0.9588,0.9823,0.00232,0.02238,0.03899,0.06671,0.9652,0.6641,0.8177,0.16625,0.0889,0.10796490717480671
plain,static_mask,1,val,3400,0.08139,0.1081,0.093,0.3124,0.3236,0.4861,-0.0128,-0.008,0.011,0.0243,0.9558,0.9246,0.9062,0.9236,0.00123,0.00194,0.00294,0.00603,0.833,0.6235,0.8594,0.07092,0.1911,0.10809981415027697
plain,static_mask,1,914_6,1000,0.06097,0.08573,0.1356,0.8711,0.9727,2.2937,-0.1157,0.8689,0.9707,2.2872,0.9703,0.8639,0.8666,0.8638,0.0038,0.02515,0.03324,0.08267,0.5328,0.8915,0.8761,0.01887,0.1937,0.10809981415027697
plain,static_mask,1,258_9,1000,0.09596,0.12466,0.0349,0.1674,0.1703,0.2216,0.0067,-0.1652,-0.1682,-0.2175,0.9653,0.9808,0.9542,0.9784,0.00271,0.02753,0.03375,0.06748,0.9584,0.6454,0.8515,0.0733,0.0414,0.10809981415027697
plain,static_mask,1,808_27,1000,0.11333,0.13867,0.0794,0.1752,0.2118,0.2202,-0.0496,-0.1749,-0.2116,-0.2192,0.9536,0.977,0.9619,0.9842,0.00513,0.03235,0.04928,0.07267,0.9716,0.6679,0.8125,0.07064,0.0348,0.10809981415027697
plain,static_mask,1,605_5,1000,0.15437,0.20588,0.1835,0.1404,0.2175,0.183,-0.1344,-0.1404,-0.2175,-0.183,0.9331,0.9741,0.9685,0.9882,0.01804,0.02975,0.05871,0.06319,0.9811,0.7406,0.731,0.24116,0.0967,0.10809981415027697
plain,static_mask,1,gc_2050,1000,0.0963,0.1409,0.0364,0.1321,0.1834,0.2082,0.0167,-0.1318,-0.1831,-0.2076,0.9548,0.9821,0.9592,0.9825,0.00179,0.02151,0.03831,0.06612,0.9668,0.6785,0.8195,0.16625,0.0889,0.10809981415027697
plain,static_mask,2,val,3400,0.0814,0.10798,0.0921,0.3107,0.3239,0.4865,-0.0089,-0.009,0.0087,0.0215,0.9556,0.9245,0.9056,0.9235,0.00128,0.0022,0.00304,0.00572,0.8528,0.6027,0.8601,0.07092,0.1911,0.1079772866472337
plain,static_mask,2,914_6,1000,0.06077,0.08529,0.1342,0.8616,0.9652,2.2811,-0.1142,0.8594,0.9633,2.2745,0.9692,0.8668,0.8641,0.8625,0.00385,0.02559,0.03302,0.08221,0.5979,0.8891,0.8797,0.01887,0.1937,0.1079772866472337
plain,static_mask,2,258_9,1000,0.09617,0.1251,0.0357,0.1676,0.1718,0.2236,0.0099,-0.1654,-0.1697,-0.2195,0.9662,0.9804,0.9531,0.9788,0.00401,0.02759,0.03388,0.06811,0.9587,0.6233,0.8518,0.0733,0.0414,0.1079772866472337
plain,static_mask,2,808_27,1000,0.11403,0.14059,0.0785,0.1757,0.2128,0.2216,-0.0474,-0.1754,-0.2126,-0.2206,0.9546,0.9767,0.9613,0.9843,0.00599,0.03253,0.04951,0.07314,0.9712,0.6512,0.8144,0.07064,0.0348,0.1079772866472337
plain,static_mask,2,605_5,1000,0.15514,0.2088,0.1785,0.1409,0.2185,0.185,-0.1253,-0.1409,-0.2185,-0.185,0.9341,0.9741,0.9682,0.9883,0.01806,0.03071,0.05898,0.06389,0.981,0.7397,0.7367,0.24116,0.0967,0.1079772866472337
plain,static_mask,2,gc_2050,1000,0.09639,0.14173,0.0351,0.1321,0.1819,0.208,0.0137,-0.1318,-0.1817,-0.2074,0.9556,0.9823,0.9583,0.982,0.00229,0.02151,0.03801,0.06603,0.9647,0.6612,0.819,0.16625,0.0889,0.1079772866472337
plain,static_timing,0,val,3400,0.07246,0.09796,0.0895,0.2425,0.2566,0.4139,0.0077,-0.0018,0.0158,0.03,0.9589,0.9391,0.9201,0.9341,0.00121,0.00267,0.00439,0.00567,0.8717,0.6784,0.8628,0.07092,0.1911,0.0979618216924342
plain,static_timing,0,914_6,1000,0.05021,0.07361,0.1275,0.655,0.7649,2.0072,-0.1068,0.6524,0.7625,2.0,0.9693,0.9169,0.9118,0.9023,0.00368,0.02157,0.02728,0.07229,0.6619,0.9085,0.8812,0.01887,0.1937,0.0979618216924342
plain,static_timing,0,258_9,1000,0.09579,0.12114,0.0409,0.1699,0.1646,0.1911,0.0249,-0.1677,-0.1624,-0.1864,0.966,0.975,0.9502,0.9774,0.00312,0.02915,0.03311,0.05784,0.9505,0.6874,0.8519,0.0733,0.0414,0.0979618216924342
plain,static_timing,0,808_27,1000,0.08342,0.11282,0.0601,0.0396,0.08,0.1081,0.0096,-0.034,-0.0722,-0.106,0.958,0.985,0.9728,0.988,0.0026,0.00914,0.01861,0.03514,0.9681,0.8078,0.8233,0.07064,0.0348,0.0979618216924342
plain,static_timing,0,605_5,1000,0.14361,0.19909,0.1283,0.0777,0.1437,0.1098,-0.0394,-0.0777,-0.1437,-0.1098,0.925,0.9698,0.9615,0.9814,0.01165,0.02321,0.04169,0.04374,0.9515,0.7937,0.7347,0.24116,0.0967,0.0979618216924342
plain,static_timing,0,gc_2050,1000,0.09813,0.13596,0.0391,0.1388,0.1805,0.182,0.0239,-0.1385,-0.1803,-0.1813,0.9529,0.9764,0.9559,0.9796,0.00186,0.02318,0.03788,0.05773,0.958,0.703,0.8172,0.16625,0.0889,0.0979618216924342
plain,static_timing,1,val,3400,0.07275,0.09839,0.0948,0.2468,0.2583,0.4132,-0.0249,-0.0169,0.008,0.0281,0.9594,0.9417,0.9216,0.9362,0.00129,0.00272,0.00456,0.00598,0.8861,0.6613,0.8619,0.07092,0.1911,0.09839487181613496
plain,static_timing,1,914_6,1000,0.04975,0.07331,0.1402,0.6265,0.7527,2.013,-0.1207,0.6238,0.7503,2.0059,0.9734,0.9208,0.915,0.9111,0.00369,0.02137,0.02786,0.07255,0.7318,0.9054,0.8815,0.01887,0.1937,0.09839487181613496
plain,static_timing,1,258_9,1000,0.09676,0.12149,0.0356,0.1803,0.1683,0.191,-0.0143,-0.1783,-0.1661,-0.1863,0.9647,0.9744,0.95,0.9766,0.00279,0.03004,0.03479,0.0578,0.9489,0.6724,0.8514,0.0733,0.0414,0.09839487181613496
plain,static_timing,1,808_27,1000,0.08528,0.11283,0.0796,0.0559,0.0904,0.1109,-0.0456,-0.0532,-0.085,-0.1089,0.9541,0.986,0.9723,0.9874,0.00504,0.01124,0.0217,0.03609,0.9665,0.7905,0.8204,0.07064,0.0348,0.09839487181613496
plain,static_timing,1,605_5,1000,0.14957,0.19885,0.1546,0.1026,0.1565,0.1207,-0.0822,-0.1026,-0.1565,-0.1207,0.9231,0.9696,0.9608,0.9822,0.01337,0.02557,0.0443,0.04521,0.9572,0.7753,0.7282,0.24116,0.0967,0.09839487181613496
plain,static_timing,1,gc_2050,1000,0.09888,0.13518,0.0346,0.1479,0.1831,0.1827,-0.0154,-0.1476,-0.1828,-0.182,0.9503,0.977,0.9555,0.9788,0.0014,0.02459,0.03832,0.05796,0.9566,0.6876,0.8179,0.16625,0.0889,0.09839487181613496
plain,static_timing,2,val,3400,0.07269,0.09843,0.0901,0.2446,0.2573,0.4143,-0.0059,-0.0102,0.0139,0.034,0.96,0.942,0.9223,0.9359,0.00127,0.00293,0.00493,0.00602,0.8744,0.6749,0.8627,0.07092,0.1911,0.09842763187162872
plain,static_timing,2,914_6,1000,0.04997,0.0732,0.1249,0.6413,0.7655,2.0236,-0.1041,0.6386,0.7631,2.0164,0.9719,0.9248,0.9188,0.9079,0.0037,0.02133,0.02787,0.07288,0.6737,0.9052,0.8807,0.01887,0.1937,0.09842763187162872
plain,static_timing,2,258_9,1000,0.09592,0.12107,0.035,0.1739,0.161,0.1876,0.0071,-0.1717,-0.1587,-0.1828,0.9655,0.974,0.9497,0.9766,0.00274,0.02936,0.03315,0.05672,0.9505,0.6859,0.8515,0.0733,0.0414,0.09842763187162872
plain,static_timing,2,808_27,1000,0.08316,0.11281,0.0618,0.0475,0.0779,0.1068,-0.0111,-0.0438,-0.0699,-0.1047,0.9582,0.9858,0.9722,0.988,0.00273,0.00942,0.01881,0.03472,0.9679,0.8058,0.8226,0.07064,0.0348,0.09842763187162872
plain,static_timing,2,605_5,1000,0.14406,0.19992,0.1437,0.0955,0.1449,0.1127,-0.0659,-0.0955,-0.1449,-0.1127,0.9301,0.9705,0.9591,0.9817,0.01141,0.0234,0.0409,0.04441,0.9578,0.7866,0.7354,0.24116,0.0967,0.09842763187162872
plain,static_timing,2,gc_2050,1000,0.09797,0.13401,0.0334,0.1438,0.1796,0.1815,0.0024,-0.1435,-0.1793,-0.1808,0.9554,0.9777,0.955,0.9791,0.00106,0.02424,0.03768,0.05758,0.9565,0.7016,0.8202,0.16625,0.0889,0.09842763187162872
