cell,indep_raw,indep_cummax,indep_sort,indep_isotonic,hazard,d_cummax,d_sort,d_isotonic,d_hazard,hazard_minus_isotonic,indep_raw_mono_viol,hazard_mono_viol,brier_raw,brier_isotonic,brier_hazard,cascade_pr_raw,cascade_pr_isotonic,cascade_pr_hazard,cascade_pr_max_abs_d_cummax,cascade_pr_max_abs_d_sort,cascade_pr_max_abs_d_isotonic,P1,P2,P3,P4,P5,P6
static_mask,0.10824,0.10825,0.10824,0.10823,0.10796,8e-06,-4e-06,-6e-06,-0.000274,-0.000269,0.06767,0.0,0.03458,0.03458,0.03453,0.956 0.923 0.904 0.921,0.956 0.924 0.904 0.921,0.956 0.926 0.908 0.922,0.0008,0.0012,0.0012,True,True,True,True,True,True
static_timing,0.09808,0.09808,0.09808,0.09807,0.09796,0.0,-2e-06,-4e-06,-0.000116,-0.000112,0.07798,0.0,0.03099,0.03099,0.03095,0.959 0.941 0.920 0.934,0.959 0.941 0.920 0.934,0.959 0.939 0.920 0.934,0.0003,0.0003,0.0003,True,True,True,True,True,True
dynamic_mask,0.18774,0.18773,0.18774,0.18774,0.18798,-1.4e-05,-2e-06,-3e-06,0.000241,0.000245,0.03961,0.0,0.05989,0.05989,0.06002,0.901 0.901 0.895 0.916,0.901 0.902 0.895 0.916,0.901 0.904 0.895 0.917,0.0002,0.0004,0.0003,True,True,True,True,True,True
dynamic_timing,0.16529,0.16526,0.16528,0.16528,0.16508,-2.1e-05,-2e-06,-5e-06,-0.000204,-0.000199,0.06339,0.0,0.05201,0.052,0.05195,0.919 0.914 0.906 0.924,0.918 0.914 0.906 0.924,0.919 0.917 0.904 0.924,0.0002,0.0007,0.0003,True,True,True,True,True,True

cell,dips_per_run,share_pairs_dip_over_1e-06,share_pairs_dip_over_0.001,share_pairs_dip_over_0.01,share_pairs_dip_over_0.05,share_pairs_dip_over_0.1,share_nodes_any_dip_over_1e-06,share_nodes_any_dip_over_0.001,share_nodes_any_dip_over_0.01,share_nodes_any_dip_over_0.05,share_nodes_any_dip_over_0.1,size_median,size_p90,size_p99,size_mean,size_max,dip_share_6->24h,dip_share_24->48h,dip_share_48->96h,share_of_dips_on_flat_rows,share_of_dips_on_seeds,dip_share_row_0000,dip_share_row_0001,dip_share_row_0011,dip_share_row_0111,dip_share_row_1111,dip_share_seed_rows
static_mask,1264.9,0.06767,0.01332,0.0029,0.0003,4e-05,0.18525,0.03707,0.00822,0.00089,0.00011,2.74e-05,0.00274,0.0361,0.00168,0.31,0.05809,0.08922,0.05569,0.9107,0.014,0.07189,0.02415,0.02123,0.08529,0.07954,0.03116
static_timing,1457.7,0.07798,0.00786,0.00218,0.00029,5e-05,0.21039,0.02004,0.0058,0.00084,0.00015,1.24e-05,0.00103,0.0274,0.00113,0.254,0.07682,0.06862,0.08849,0.9321,0.0018,0.08703,0.01182,0.01105,0.08948,0.06911,0.00451
dynamic_mask,740.4,0.03961,0.00857,0.00225,0.00012,1e-05,0.10595,0.02151,0.00587,0.00034,2e-05,1.94e-05,0.00665,0.0318,0.00201,0.159,0.07747,0.0231,0.01825,0.9656,0.0068,0.04386,0.004,0.0042,0.02432,0.05512,0.00888
dynamic_timing,1185.0,0.06339,0.00843,0.00256,0.00032,7e-05,0.17228,0.02004,0.00615,0.00086,0.0002,0.000127,0.00179,0.0318,0.00156,0.334,0.07511,0.02918,0.08589,0.9145,0.0068,0.06715,0.00569,0.02584,0.10384,0.07714,0.01428

cell,storm,indep_raw,indep_cummax,indep_sort,indep_isotonic,hazard,hazard_minus_isotonic,indep_raw_mono_viol
static_mask,syn_ts_914_6_1p2955,0.08548,0.08548,0.08547,0.08547,0.0856,0.00013,0.06871
static_mask,syn_ts_258_9_3p0022,0.1248,0.12476,0.1248,0.1248,0.12522,0.00043,0.06652
static_mask,syn_ts_808_27_3p7885,0.14004,0.13993,0.14003,0.14003,0.14019,0.00017,0.06511
static_mask,geoclaw_2050,0.14061,0.14059,0.1406,0.1406,0.14227,0.00167,0.06263
static_mask,syn_ts_605_5_3p7563,0.20517,0.2047,0.20509,0.20506,0.20845,0.00339,0.06052
static_timing,syn_ts_914_6_1p2955,0.07298,0.07296,0.07298,0.07297,0.07361,0.00064,0.07674
static_timing,syn_ts_808_27_3p7885,0.11366,0.11364,0.11366,0.11366,0.11282,-0.00083,0.08044
static_timing,syn_ts_258_9_3p0022,0.12119,0.12116,0.12119,0.12118,0.12114,-5e-05,0.07568
static_timing,geoclaw_2050,0.13506,0.13504,0.13506,0.13506,0.13596,0.0009,0.0712
static_timing,syn_ts_605_5_3p7563,0.20009,0.19954,0.19985,0.19981,0.19909,-0.00072,0.06779
dynamic_mask,syn_ts_914_6_1p2955,0.1262,0.12622,0.1262,0.1262,0.12792,0.00172,0.03663
dynamic_mask,syn_ts_258_9_3p0022,0.27341,0.27328,0.2734,0.2734,0.27111,-0.00229,0.04176
dynamic_mask,geoclaw_2050,0.33227,0.33228,0.33224,0.33226,0.32823,-0.00403,0.04354
dynamic_mask,syn_ts_808_27_3p7885,0.38056,0.38038,0.38055,0.38055,0.38188,0.00133,0.04558
dynamic_mask,syn_ts_605_5_3p7563,0.4785,0.4779,0.47846,0.4784,0.48768,0.00928,0.06141
dynamic_timing,syn_ts_914_6_1p2955,0.10478,0.10481,0.10478,0.10478,0.10624,0.00146,0.05909
dynamic_timing,syn_ts_258_9_3p0022,0.26391,0.26377,0.26391,0.2639,0.25896,-0.00494,0.06367
dynamic_timing,syn_ts_808_27_3p7885,0.32292,0.32288,0.3229,0.3229,0.30842,-0.01448,0.06552
dynamic_timing,geoclaw_2050,0.32883,0.32887,0.32883,0.32882,0.31999,-0.00884,0.06113
dynamic_timing,syn_ts_605_5_3p7563,0.44143,0.44101,0.44135,0.44115,0.43028,-0.01087,0.06934

