arm,variant,cell,torch_seed,storm,level_m,lead_median_h,group,n_runs,bce_non_seed,bce_non_seed_t0,bce_non_seed_t1,bce_non_seed_t2,bce_non_seed_t3,count_wape_last,count_bias_last,window_given_failure_exact,lookup_bce_non_seed,lookup_count_wape_last,saved_val_loss,n_training_storms
mix57_same,ctx,dynamic_timing,1,syn2_t449w6_wl2p103,2.103,3.77,INSIDE,1000,0.04429,0.03364,0.03788,0.04781,0.0578,0.3341,0.2574,0.7305,0.06136,0.3087,0.11242911675691965,57
mix57_same,ctx,dynamic_timing,1,syn_ts_914_6_1p2955,2.166,,INSIDE,1000,0.02373,0.01218,0.01759,0.02495,0.0402,0.5795,0.5682,0.8053,0.02396,0.2067,0.11242911675691965,57
mix57_same,ctx,dynamic_timing,1,syn2_t580w24_wl2p439,2.439,10.65,INSIDE,1000,0.09636,0.04571,0.06734,0.10023,0.17217,0.497,0.0996,0.8429,0.10571,0.5164,0.11242911675691965,57
mix57_same,ctx,dynamic_timing,1,syn2_t934c34_wl2p777,2.777,3.96,INSIDE,1000,0.10365,0.07529,0.08925,0.13806,0.11202,0.0906,0.0534,0.6988,0.2034,0.1492,0.11242911675691965,57
mix57_same,ctx,dynamic_timing,1,syn2_t270w17_wl3p116,3.116,9.26,INSIDE,1000,0.11434,0.05659,0.11866,0.15146,0.13064,0.1616,0.1244,0.7279,0.12665,0.0889,0.11242911675691965,57
mix57_same,ctx,dynamic_timing,1,syn_ts_258_9_3p0022,3.372,,INSIDE,1000,0.13598,0.05743,0.14559,0.16284,0.17805,0.2008,-0.0035,0.8138,0.1565,0.2011,0.11242911675691965,57
mix57_same,ctx,dynamic_timing,1,syn2_t33w13_wl3p458,3.458,4.02,INSIDE,1000,0.12514,0.06207,0.13544,0.14522,0.15783,0.149,-0.076,0.82,0.13173,0.1274,0.11242911675691965,57
mix57_same,ctx,dynamic_timing,1,syn_ts_808_27_3p7885,3.745,,ABOVE,1000,0.10218,0.12969,0.09597,0.10129,0.08178,0.037,-0.0266,0.8178,0.22384,0.0824,0.11242911675691965,57
mix57_same,ctx,dynamic_timing,1,syn2_t857w1_wl3p800,3.8,6.68,ABOVE,1000,0.10472,0.06241,0.11583,0.11593,0.1247,0.0729,0.019,0.8479,0.14855,0.1116,0.11242911675691965,57
mix57_same,ctx,dynamic_timing,1,syn2_t116w1_wl4p130,4.13,4.06,ABOVE,1000,0.08092,0.07248,0.08847,0.08604,0.0767,0.0318,-0.0118,0.855,0.12715,0.1073,0.11242911675691965,57
mix57_same,ctx,dynamic_timing,1,syn_ts_605_5_3p7563,4.458,,ABOVE,1000,0.13269,0.19428,0.1403,0.11576,0.0804,0.0159,-0.0105,0.7802,0.29164,0.0961,0.11242911675691965,57
mix57_same,ctx,dynamic_timing,1,syn2_t198w16_wl4p722,4.722,6.72,ABOVE,1000,0.08495,0.08898,0.09441,0.08423,0.07219,0.0291,-0.0235,0.8655,0.07559,0.0214,0.11242911675691965,57
mix57_same,ctx,dynamic_timing,1,geoclaw_2050,3.48,,OTHER,1000,0.14294,0.08243,0.15144,0.16662,0.17127,0.1493,-0.1362,0.8327,0.44375,0.3541,0.11242911675691965,57
mix57_same,ctx,static_mask,1,syn2_t449w6_wl2p103,2.103,3.77,INSIDE,1000,0.01772,0.00657,0.01435,0.02036,0.0296,0.4181,0.3992,0.8854,0.02064,0.2177,0.0733752522695714,57
mix57_same,ctx,static_mask,1,syn_ts_914_6_1p2955,2.166,,INSIDE,1000,0.01975,0.00459,0.01486,0.02212,0.03741,0.533,0.5218,0.8818,0.01944,0.1918,0.0733752522695714,57
mix57_same,ctx,static_mask,1,syn2_t580w24_wl2p439,2.439,10.65,INSIDE,1000,0.07731,0.01163,0.05223,0.07906,0.16631,0.5372,0.0885,0.9024,0.08422,0.5562,0.0733752522695714,57
mix57_same,ctx,static_mask,1,syn2_t934c34_wl2p777,2.777,3.96,INSIDE,1000,0.05756,0.01911,0.03727,0.07153,0.10233,0.1188,0.0064,0.8942,0.10989,0.151,0.0733752522695714,57
mix57_same,ctx,static_mask,1,syn2_t270w17_wl3p116,3.116,9.26,INSIDE,1000,0.05571,0.02768,0.03656,0.07742,0.08116,0.0404,0.0038,0.8767,0.07875,0.0741,0.0733752522695714,57
mix57_same,ctx,static_mask,1,syn_ts_258_9_3p0022,3.372,,INSIDE,1000,0.05328,0.02944,0.03671,0.07893,0.06804,0.027,0.0056,0.8595,0.07157,0.043,0.0733752522695714,57
mix57_same,ctx,static_mask,1,syn2_t33w13_wl3p458,3.458,4.02,INSIDE,1000,0.0542,0.03092,0.0382,0.07992,0.06779,0.0259,0.0097,0.859,0.06977,0.0373,0.0733752522695714,57
mix57_same,ctx,static_mask,1,syn_ts_808_27_3p7885,3.745,,ABOVE,1000,0.05634,0.03974,0.04194,0.08246,0.06124,0.0219,0.0059,0.8496,0.07131,0.0268,0.0733752522695714,57
mix57_same,ctx,static_mask,1,syn2_t857w1_wl3p800,3.8,6.68,ABOVE,1000,0.05498,0.04239,0.04131,0.08113,0.05511,0.0202,0.0004,0.846,0.06681,0.0244,0.0733752522695714,57
mix57_same,ctx,static_mask,1,syn2_t116w1_wl4p130,4.13,4.06,ABOVE,1000,0.05513,0.05397,0.04381,0.08045,0.04229,0.0201,-0.0035,0.815,0.06343,0.0217,0.0733752522695714,57
mix57_same,ctx,static_mask,1,syn_ts_605_5_3p7563,4.458,,ABOVE,1000,0.06595,0.06238,0.04684,0.09231,0.06227,0.0238,-0.0043,0.8006,0.07772,0.0263,0.0733752522695714,57
mix57_same,ctx,static_mask,1,syn2_t198w16_wl4p722,4.722,6.72,ABOVE,1000,0.08801,0.06895,0.05377,0.12208,0.10722,0.0448,-0.0403,0.7868,0.0789,0.0405,0.0733752522695714,57
mix57_same,ctx,static_mask,1,geoclaw_2050,3.48,,OTHER,1000,0.06131,0.03904,0.04666,0.09309,0.06644,0.0197,-0.0068,0.8307,0.15391,0.094,0.0733752522695714,57
mix57_same,plain,dynamic_timing,1,syn2_t449w6_wl2p103,2.103,3.77,INSIDE,1000,0.14098,0.0621,0.11097,0.14511,0.24572,3.5084,3.5084,0.7302,0.06136,0.3087,0.18683200499846364,57
mix57_same,plain,dynamic_timing,1,syn_ts_914_6_1p2955,2.166,,INSIDE,1000,0.13227,0.05379,0.10347,0.13857,0.23324,4.169,4.1665,0.7729,0.02396,0.2067,0.18683200499846364,57
mix57_same,plain,dynamic_timing,1,syn2_t580w24_wl2p439,2.439,10.65,INSIDE,1000,0.15086,0.06774,0.11914,0.16335,0.25321,0.4585,0.3395,0.6628,0.10571,0.5164,0.18683200499846364,57
mix57_same,plain,dynamic_timing,1,syn2_t934c34_wl2p777,2.777,3.96,INSIDE,1000,0.15823,0.09235,0.14259,0.19456,0.20341,0.1325,0.1325,0.6599,0.2034,0.1492,0.18683200499846364,57
mix57_same,plain,dynamic_timing,1,syn2_t270w17_wl3p116,3.116,9.26,INSIDE,1000,0.15863,0.09324,0.15612,0.19326,0.19191,0.0933,0.0465,0.7287,0.12665,0.0889,0.18683200499846364,57
mix57_same,plain,dynamic_timing,1,syn_ts_258_9_3p0022,3.372,,INSIDE,1000,0.18611,0.09902,0.18838,0.21334,0.24369,0.2323,-0.1785,0.8144,0.1565,0.2011,0.18683200499846364,57
mix57_same,plain,dynamic_timing,1,syn2_t33w13_wl3p458,3.458,4.02,INSIDE,1000,0.17747,0.07377,0.17819,0.2053,0.25261,0.2539,-0.2296,0.8131,0.13173,0.1274,0.18683200499846364,57
mix57_same,plain,dynamic_timing,1,syn_ts_808_27_3p7885,3.745,,ABOVE,1000,0.21403,0.18073,0.2083,0.22366,0.24344,0.2288,-0.2276,0.789,0.22384,0.0824,0.18683200499846364,57
mix57_same,plain,dynamic_timing,1,syn2_t857w1_wl3p800,3.8,6.68,ABOVE,1000,0.16586,0.07244,0.17244,0.19181,0.22676,0.2174,-0.1953,0.8353,0.14855,0.1116,0.18683200499846364,57
mix57_same,plain,dynamic_timing,1,syn2_t116w1_wl4p130,4.13,4.06,ABOVE,1000,0.15831,0.08438,0.15999,0.17597,0.21289,0.1987,-0.1971,0.8471,0.12715,0.1073,0.18683200499846364,57
mix57_same,plain,dynamic_timing,1,syn_ts_605_5_3p7563,4.458,,ABOVE,1000,0.25827,0.27089,0.27637,0.24614,0.23965,0.2064,-0.2054,0.7591,0.29164,0.0961,0.18683200499846364,57
mix57_same,plain,dynamic_timing,1,syn2_t198w16_wl4p722,4.722,6.72,ABOVE,1000,0.17936,0.11658,0.19506,0.18797,0.21782,0.2079,-0.2074,0.8411,0.07559,0.0214,0.18683200499846364,57
mix57_same,plain,dynamic_timing,1,geoclaw_2050,3.48,,OTHER,1000,0.24543,0.12353,0.24581,0.26992,0.34247,0.316,-0.3135,0.8091,0.44375,0.3541,0.18683200499846364,57
mix57_same,plain,static_mask,1,syn2_t449w6_wl2p103,2.103,3.77,INSIDE,1000,0.0918,0.01207,0.07023,0.08977,0.19512,3.8623,3.8623,0.8511,0.02064,0.2177,0.11487339405877077,57
mix57_same,plain,static_mask,1,syn_ts_914_6_1p2955,2.166,,INSIDE,1000,0.09263,0.01223,0.07059,0.09019,0.19752,3.2323,3.2276,0.8436,0.01944,0.1918,0.11487339405877077,57
mix57_same,plain,static_mask,1,syn2_t580w24_wl2p439,2.439,10.65,INSIDE,1000,0.09129,0.01665,0.06398,0.09695,0.18758,0.5363,0.0996,0.8875,0.08422,0.5562,0.11487339405877077,57
mix57_same,plain,static_mask,1,syn2_t934c34_wl2p777,2.777,3.96,INSIDE,1000,0.08163,0.02496,0.05877,0.09951,0.14328,0.2159,-0.1136,0.8753,0.10989,0.151,0.11487339405877077,57
mix57_same,plain,static_mask,1,syn2_t270w17_wl3p116,3.116,9.26,INSIDE,1000,0.07931,0.0305,0.05856,0.10418,0.12399,0.1478,-0.1303,0.8588,0.07875,0.0741,0.11487339405877077,57
mix57_same,plain,static_mask,1,syn_ts_258_9_3p0022,3.372,,INSIDE,1000,0.07932,0.03299,0.06051,0.10857,0.11521,0.1327,-0.127,0.85,0.07157,0.043,0.11487339405877077,57
mix57_same,plain,static_mask,1,syn2_t33w13_wl3p458,3.458,4.02,INSIDE,1000,0.07975,0.03434,0.06163,0.11005,0.11298,0.1296,-0.1239,0.8487,0.06977,0.0373,0.11487339405877077,57
mix57_same,plain,static_mask,1,syn_ts_808_27_3p7885,3.745,,ABOVE,1000,0.08159,0.04266,0.06501,0.11422,0.10448,0.1305,-0.1287,0.8334,0.07131,0.0268,0.11487339405877077,57
mix57_same,plain,static_mask,1,syn2_t857w1_wl3p800,3.8,6.68,ABOVE,1000,0.08138,0.0453,0.06442,0.11486,0.10095,0.1306,-0.1297,0.8297,0.06681,0.0244,0.11487339405877077,57
mix57_same,plain,static_mask,1,syn2_t116w1_wl4p130,4.13,4.06,ABOVE,1000,0.08161,0.05659,0.06534,0.11915,0.08537,0.1164,-0.1161,0.7971,0.06343,0.0217,0.11487339405877077,57
mix57_same,plain,static_mask,1,syn_ts_605_5_3p7563,4.458,,ABOVE,1000,0.09358,0.07028,0.07177,0.1323,0.09995,0.1103,-0.1103,0.7784,0.07772,0.0263,0.11487339405877077,57
mix57_same,plain,static_mask,1,syn2_t198w16_wl4p722,4.722,6.72,ABOVE,1000,0.12721,0.08124,0.08474,0.17743,0.16542,0.1361,-0.1361,0.7618,0.0789,0.0405,0.11487339405877077,57
mix57_same,plain,static_mask,1,geoclaw_2050,3.48,,OTHER,1000,0.08701,0.04037,0.06496,0.12495,0.11776,0.1414,-0.1407,0.8124,0.15391,0.094,0.11487339405877077,57
old17,ctx,dynamic_timing,1,syn2_t449w6_wl2p103,2.103,3.77,INSIDE,1000,0.05444,0.04629,0.04491,0.06242,0.06413,0.2984,-0.2423,0.7349,0.07344,0.3264,0.09018632720182734,17
old17,ctx,dynamic_timing,1,syn_ts_914_6_1p2955,2.166,,INSIDE,1000,0.01467,0.0108,0.0121,0.01606,0.01974,0.1206,0.0328,0.8316,0.02163,0.1779,0.09018632720182734,17
old17,ctx,dynamic_timing,1,syn2_t580w24_wl2p439,2.439,10.65,INSIDE,1000,0.09829,0.04849,0.07159,0.09795,0.17513,0.529,-0.1134,0.8417,0.11611,0.5299,0.09018632720182734,17
old17,ctx,dynamic_timing,1,syn2_t934c34_wl2p777,2.777,3.96,INSIDE,1000,0.09641,0.07466,0.07677,0.12802,0.10619,0.1244,-0.0188,0.7341,0.30417,0.1795,0.09018632720182734,17
old17,ctx,dynamic_timing,1,syn2_t270w17_wl3p116,3.116,9.26,INSIDE,1000,0.12563,0.08172,0.14074,0.16492,0.11515,0.0702,-0.0385,0.7015,0.13624,0.0903,0.09018632720182734,17
old17,ctx,dynamic_timing,1,syn_ts_258_9_3p0022,3.372,,INSIDE,1000,0.17032,0.07426,0.20252,0.19323,0.21125,0.2177,-0.1028,0.7182,0.16305,0.1905,0.09018632720182734,17
old17,ctx,dynamic_timing,1,syn2_t33w13_wl3p458,3.458,4.02,INSIDE,1000,0.18677,0.08743,0.23386,0.21008,0.21572,0.2005,-0.1511,0.7179,0.12955,0.1165,0.09018632720182734,17
old17,ctx,dynamic_timing,1,syn_ts_808_27_3p7885,3.745,,ABOVE,1000,0.14168,0.22853,0.11507,0.12094,0.10218,0.0555,-0.0472,0.8028,0.18576,0.0531,0.09018632720182734,17
old17,ctx,dynamic_timing,1,syn2_t857w1_wl3p800,3.8,6.68,ABOVE,1000,0.11246,0.0749,0.12034,0.12116,0.13345,0.0749,0.0142,0.8351,0.13184,0.0764,0.09018632720182734,17
old17,ctx,dynamic_timing,1,syn2_t116w1_wl4p130,4.13,4.06,ABOVE,1000,0.11749,0.11479,0.12628,0.11984,0.10904,0.0239,0.0008,0.828,0.17603,0.0595,0.09018632720182734,17
old17,ctx,dynamic_timing,1,syn_ts_605_5_3p7563,4.458,,ABOVE,1000,0.1841,0.26156,0.18363,0.15803,0.1332,0.0215,0.0129,0.7655,0.43863,0.0826,0.09018632720182734,17
old17,ctx,dynamic_timing,1,syn2_t198w16_wl4p722,4.722,6.72,ABOVE,1000,0.14551,0.16172,0.1573,0.13873,0.12426,0.0287,0.0286,0.8136,0.34836,0.0792,0.09018632720182734,17
old17,ctx,dynamic_timing,1,geoclaw_2050,3.48,,OTHER,1000,0.19346,0.09104,0.24518,0.21305,0.22457,0.1909,-0.1806,0.7303,0.50151,0.3476,0.09018632720182734,17
old17,ctx,static_mask,1,syn2_t449w6_wl2p103,2.103,3.77,INSIDE,1000,0.01271,0.00629,0.01099,0.01584,0.01774,0.1494,0.0466,0.8826,0.02045,0.2186,0.06572848458340462,17
old17,ctx,static_mask,1,syn_ts_914_6_1p2955,2.166,,INSIDE,1000,0.01199,0.00423,0.00951,0.01511,0.01911,0.1365,0.0777,0.8876,0.01887,0.1937,0.06572848458340462,17
old17,ctx,static_mask,1,syn2_t580w24_wl2p439,2.439,10.65,INSIDE,1000,0.081,0.01108,0.05509,0.08038,0.17746,0.5387,0.0606,0.904,0.08701,0.5686,0.06572848458340462,17
old17,ctx,static_mask,1,syn2_t934c34_wl2p777,2.777,3.96,INSIDE,1000,0.05811,0.0189,0.03696,0.07139,0.10518,0.1008,0.0299,0.8938,0.16235,0.1717,0.06572848458340462,17
old17,ctx,static_mask,1,syn2_t270w17_wl3p116,3.116,9.26,INSIDE,1000,0.0567,0.02766,0.03707,0.0787,0.08336,0.0413,0.0226,0.8727,0.07898,0.0753,0.06572848458340462,17
old17,ctx,static_mask,1,syn_ts_258_9_3p0022,3.372,,INSIDE,1000,0.05477,0.02968,0.03761,0.07991,0.0719,0.0324,0.0258,0.8572,0.0733,0.0414,0.06572848458340462,17
old17,ctx,static_mask,1,syn2_t33w13_wl3p458,3.458,4.02,INSIDE,1000,0.05597,0.03138,0.03943,0.08082,0.07225,0.0322,0.0269,0.8551,0.06956,0.0395,0.06572848458340462,17
old17,ctx,static_mask,1,syn_ts_808_27_3p7885,3.745,,ABOVE,1000,0.06257,0.04425,0.0499,0.08918,0.06696,0.0229,0.0099,0.8349,0.07064,0.0348,0.06572848458340462,17
old17,ctx,static_mask,1,syn2_t857w1_wl3p800,3.8,6.68,ABOVE,1000,0.06528,0.04872,0.05221,0.09298,0.06723,0.0204,0.0029,0.8286,0.09544,0.048,0.06572848458340462,17
old17,ctx,static_mask,1,syn2_t116w1_wl4p130,4.13,4.06,ABOVE,1000,0.07667,0.06915,0.06725,0.10632,0.06397,0.02,0.0017,0.7858,0.1567,0.0815,0.06572848458340462,17
old17,ctx,static_mask,1,syn_ts_605_5_3p7563,4.458,,ABOVE,1000,0.10032,0.10201,0.08538,0.12772,0.08617,0.0308,0.0161,0.7598,0.24116,0.0967,0.06572848458340462,17
old17,ctx,static_mask,1,syn2_t198w16_wl4p722,4.722,6.72,ABOVE,1000,0.12931,0.12173,0.09553,0.16439,0.13558,0.0406,-0.0019,0.7427,0.40477,0.1426,0.06572848458340462,17
old17,ctx,static_mask,1,geoclaw_2050,3.48,,OTHER,1000,0.0576,0.03459,0.04193,0.08682,0.06706,0.0212,0.0156,0.8353,0.16625,0.0889,0.06572848458340462,17
old17,plain,dynamic_timing,0,syn2_t449w6_wl2p103,2.103,3.77,INSIDE,1000,0.10264,0.05192,0.08088,0.10513,0.17263,2.3899,2.3899,0.7219,0.07344,0.3264,0.16508133113448162,17
old17,plain,dynamic_timing,0,syn_ts_914_6_1p2955,2.166,,INSIDE,1000,0.0819,0.03328,0.0637,0.08512,0.14549,2.8052,2.8,0.8086,0.02163,0.1779,0.16508133113448162,17
old17,plain,dynamic_timing,0,syn2_t580w24_wl2p439,2.439,10.65,INSIDE,1000,0.13499,0.06028,0.10839,0.1411,0.23018,0.5118,0.0095,0.684,0.11611,0.5299,0.16508133113448162,17
old17,plain,dynamic_timing,0,syn2_t934c34_wl2p777,2.777,3.96,INSIDE,1000,0.15672,0.10588,0.13108,0.18671,0.20321,0.154,-0.0561,0.687,0.30417,0.1795,0.16508133113448162,17
old17,plain,dynamic_timing,0,syn2_t270w17_wl3p116,3.116,9.26,INSIDE,1000,0.17649,0.12172,0.1694,0.2138,0.20106,0.1577,-0.1448,0.6956,0.13624,0.0903,0.16508133113448162,17
old17,plain,dynamic_timing,0,syn_ts_258_9_3p0022,3.372,,INSIDE,1000,0.24707,0.13067,0.24585,0.28051,0.33124,0.3038,-0.3012,0.7937,0.16305,0.1905,0.16508133113448162,17
old17,plain,dynamic_timing,0,syn2_t33w13_wl3p458,3.458,4.02,INSIDE,1000,0.26429,0.09252,0.26068,0.30904,0.39492,0.3497,-0.3481,0.79,0.12955,0.1165,0.16508133113448162,17
old17,plain,dynamic_timing,0,syn_ts_808_27_3p7885,3.745,,ABOVE,1000,0.30166,0.26701,0.28096,0.30599,0.35268,0.2961,-0.2956,0.7694,0.18576,0.0531,0.16508133113448162,17
old17,plain,dynamic_timing,0,syn2_t857w1_wl3p800,3.8,6.68,ABOVE,1000,0.22817,0.09342,0.22865,0.26598,0.32462,0.2776,-0.2728,0.8183,0.13184,0.0764,0.16508133113448162,17
old17,plain,dynamic_timing,0,syn2_t116w1_wl4p130,4.13,4.06,ABOVE,1000,0.25831,0.13627,0.26274,0.28838,0.34585,0.291,-0.2907,0.8206,0.17603,0.0595,0.16508133113448162,17
old17,plain,dynamic_timing,0,syn_ts_605_5_3p7563,4.458,,ABOVE,1000,0.41319,0.44372,0.43501,0.3903,0.38374,0.2787,-0.2783,0.7137,0.43863,0.0826,0.16508133113448162,17
old17,plain,dynamic_timing,0,syn2_t198w16_wl4p722,4.722,6.72,ABOVE,1000,0.31319,0.22157,0.34116,0.33213,0.35789,0.2863,-0.2861,0.7903,0.34836,0.0792,0.16508133113448162,17
old17,plain,dynamic_timing,0,geoclaw_2050,3.48,,OTHER,1000,0.30052,0.13399,0.30782,0.3337,0.42657,0.3787,-0.3786,0.8117,0.50151,0.3476,0.16508133113448162,17
old17,plain,dynamic_timing,1,syn2_t449w6_wl2p103,2.103,3.77,INSIDE,1000,0.10263,0.05083,0.08065,0.1045,0.17455,2.4515,2.4515,0.7339,0.07344,0.3264,0.1645548128112968,17
old17,plain,dynamic_timing,1,syn_ts_914_6_1p2955,2.166,,INSIDE,1000,0.08373,0.03381,0.06491,0.08691,0.14928,2.881,2.8759,0.8075,0.02163,0.1779,0.1645548128112968,17
old17,plain,dynamic_timing,1,syn2_t580w24_wl2p439,2.439,10.65,INSIDE,1000,0.13418,0.05912,0.10813,0.14063,0.22884,0.5104,0.0196,0.6794,0.11611,0.5299,0.1645548128112968,17
old17,plain,dynamic_timing,1,syn2_t934c34_wl2p777,2.777,3.96,INSIDE,1000,0.15622,0.10502,0.13229,0.18657,0.20099,0.1487,-0.0494,0.6851,0.30417,0.1795,0.1645548128112968,17
old17,plain,dynamic_timing,1,syn2_t270w17_wl3p116,3.116,9.26,INSIDE,1000,0.1744,0.12003,0.1675,0.21121,0.19886,0.152,-0.1389,0.7055,0.13624,0.0903,0.1645548128112968,17
old17,plain,dynamic_timing,1,syn_ts_258_9_3p0022,3.372,,INSIDE,1000,0.24381,0.12808,0.24166,0.27802,0.32749,0.3016,-0.2989,0.7954,0.16305,0.1905,0.1645548128112968,17
old17,plain,dynamic_timing,1,syn2_t33w13_wl3p458,3.458,4.02,INSIDE,1000,0.26138,0.08963,0.25654,0.30731,0.39206,0.3479,-0.3464,0.796,0.12955,0.1165,0.1645548128112968,17
old17,plain,dynamic_timing,1,syn_ts_808_27_3p7885,3.745,,ABOVE,1000,0.29935,0.2622,0.2812,0.30441,0.34961,0.2913,-0.2908,0.7658,0.18576,0.0531,0.1645548128112968,17
old17,plain,dynamic_timing,1,syn2_t857w1_wl3p800,3.8,6.68,ABOVE,1000,0.22415,0.09055,0.22429,0.26207,0.3197,0.2743,-0.2685,0.8183,0.13184,0.0764,0.1645548128112968,17
old17,plain,dynamic_timing,1,syn2_t116w1_wl4p130,4.13,4.06,ABOVE,1000,0.25898,0.13482,0.26273,0.29069,0.34766,0.2881,-0.2877,0.8184,0.17603,0.0595,0.1645548128112968,17
old17,plain,dynamic_timing,1,syn_ts_605_5_3p7563,4.458,,ABOVE,1000,0.4256,0.45647,0.45594,0.39871,0.39128,0.2845,-0.2841,0.7073,0.43863,0.0826,0.1645548128112968,17
old17,plain,dynamic_timing,1,syn2_t198w16_wl4p722,4.722,6.72,ABOVE,1000,0.31779,0.22442,0.34896,0.33619,0.3616,0.2866,-0.2864,0.7887,0.34836,0.0792,0.1645548128112968,17
old17,plain,dynamic_timing,1,geoclaw_2050,3.48,,OTHER,1000,0.29768,0.13114,0.30222,0.33325,0.42411,0.3757,-0.3756,0.8107,0.50151,0.3476,0.1645548128112968,17
old17,plain,static_mask,0,syn2_t449w6_wl2p103,2.103,3.77,INSIDE,1000,0.05997,0.00952,0.04597,0.05991,0.12447,2.7229,2.7229,0.8817,0.02045,0.2186,0.10796490717480671,17
old17,plain,static_mask,0,syn_ts_914_6_1p2955,2.166,,INSIDE,1000,0.06077,0.00928,0.04618,0.06041,0.12721,2.2812,2.2747,0.8767,0.01887,0.1937,0.10796490717480671,17
old17,plain,static_mask,0,syn2_t580w24_wl2p439,2.439,10.65,INSIDE,1000,0.08894,0.01472,0.06196,0.09233,0.18676,0.5663,-0.0914,0.8974,0.08701,0.5686,0.10796490717480671,17
old17,plain,static_mask,0,syn2_t934c34_wl2p777,2.777,3.96,INSIDE,1000,0.09259,0.02447,0.06743,0.10627,0.17218,0.3158,-0.2367,0.8828,0.16235,0.1717,0.10796490717480671,17
old17,plain,static_mask,0,syn2_t270w17_wl3p116,3.116,9.26,INSIDE,1000,0.09412,0.0302,0.07077,0.11595,0.15954,0.2436,-0.2304,0.8632,0.07898,0.0753,0.10796490717480671,17
old17,plain,static_mask,0,syn_ts_258_9_3p0022,3.372,,INSIDE,1000,0.09654,0.03345,0.07554,0.12502,0.15215,0.2245,-0.2204,0.8487,0.0733,0.0414,0.10796490717480671,17
old17,plain,static_mask,0,syn2_t33w13_wl3p458,3.458,4.02,INSIDE,1000,0.09877,0.03546,0.07836,0.12932,0.15193,0.2225,-0.2183,0.8442,0.06956,0.0395,0.10796490717480671,17
old17,plain,static_mask,0,syn_ts_808_27_3p7885,3.745,,ABOVE,1000,0.1144,0.05051,0.09482,0.15409,0.15816,0.222,-0.221,0.8079,0.07064,0.0348,0.10796490717480671,17
old17,plain,static_mask,0,syn2_t857w1_wl3p800,3.8,6.68,ABOVE,1000,0.11888,0.05607,0.09699,0.16119,0.16125,0.2209,-0.2204,0.7991,0.09544,0.048,0.10796490717480671,17
old17,plain,static_mask,0,syn2_t116w1_wl4p130,4.13,4.06,ABOVE,1000,0.1339,0.08255,0.11162,0.18704,0.15438,0.199,-0.1989,0.7496,0.1567,0.0815,0.10796490717480671,17
old17,plain,static_mask,0,syn_ts_605_5_3p7563,4.458,,ABOVE,1000,0.15563,0.11343,0.13172,0.2087,0.16867,0.1852,-0.1852,0.7309,0.24116,0.0967,0.10796490717480671,17
old17,plain,static_mask,0,syn2_t198w16_wl4p722,4.722,6.72,ABOVE,1000,0.19679,0.13149,0.14804,0.26212,0.24552,0.2024,-0.2024,0.7221,0.40477,0.1426,0.10796490717480671,17
old17,plain,static_mask,0,geoclaw_2050,3.48,,OTHER,1000,0.09694,0.03697,0.06998,0.13407,0.14674,0.2101,-0.2095,0.8177,0.16625,0.0889,0.10796490717480671,17
old17,plain,static_mask,1,syn2_t449w6_wl2p103,2.103,3.77,INSIDE,1000,0.06032,0.00935,0.04654,0.06043,0.12496,2.7424,2.7424,0.8816,0.02045,0.2186,0.10809981415027697,17
old17,plain,static_mask,1,syn_ts_914_6_1p2955,2.166,,INSIDE,1000,0.06097,0.00905,0.04664,0.06083,0.12737,2.2937,2.2872,0.8761,0.01887,0.1937,0.10809981415027697,17
old17,plain,static_mask,1,syn2_t580w24_wl2p439,2.439,10.65,INSIDE,1000,0.08908,0.01476,0.06189,0.09241,0.18726,0.5662,-0.0902,0.8963,0.08701,0.5686,0.10809981415027697,17
old17,plain,static_mask,1,syn2_t934c34_wl2p777,2.777,3.96,INSIDE,1000,0.09294,0.02442,0.06754,0.10675,0.17302,0.3142,-0.2346,0.8814,0.16235,0.1717,0.10809981415027697,17
old17,plain,static_mask,1,syn2_t270w17_wl3p116,3.116,9.26,INSIDE,1000,0.0942,0.03011,0.07085,0.11633,0.15949,0.241,-0.2277,0.8626,0.07898,0.0753,0.10809981415027697,17
old17,plain,static_mask,1,syn_ts_258_9_3p0022,3.372,,INSIDE,1000,0.09596,0.03289,0.07511,0.12446,0.15137,0.2216,-0.2175,0.8515,0.0733,0.0414,0.10809981415027697,17
old17,plain,static_mask,1,syn2_t33w13_wl3p458,3.458,4.02,INSIDE,1000,0.09808,0.03495,0.07782,0.12847,0.15106,0.2199,-0.2156,0.8468,0.06956,0.0395,0.10809981415027697,17
old17,plain,static_mask,1,syn_ts_808_27_3p7885,3.745,,ABOVE,1000,0.11333,0.05036,0.09369,0.15256,0.15672,0.2202,-0.2192,0.8125,0.07064,0.0348,0.10809981415027697,17
old17,plain,static_mask,1,syn2_t857w1_wl3p800,3.8,6.68,ABOVE,1000,0.11762,0.05592,0.09604,0.15928,0.15925,0.219,-0.2185,0.8031,0.09544,0.048,0.10809981415027697,17
old17,plain,static_mask,1,syn2_t116w1_wl4p130,4.13,4.06,ABOVE,1000,0.13151,0.08158,0.10981,0.18337,0.15131,0.197,-0.1969,0.7536,0.1567,0.0815,0.10809981415027697,17
old17,plain,static_mask,1,syn_ts_605_5_3p7563,4.458,,ABOVE,1000,0.15437,0.11488,0.13109,0.20492,0.16657,0.183,-0.183,0.731,0.24116,0.0967,0.10809981415027697,17
old17,plain,static_mask,1,syn2_t198w16_wl4p722,4.722,6.72,ABOVE,1000,0.19775,0.13551,0.14974,0.26023,0.24553,0.1997,-0.1997,0.7173,0.40477,0.1426,0.10809981415027697,17
old17,plain,static_mask,1,geoclaw_2050,3.48,,OTHER,1000,0.0963,0.03697,0.06941,0.13312,0.1457,0.2082,-0.2076,0.8195,0.16625,0.0889,0.10809981415027697,17
