fips_code,county,state,customers_out,run_start_time
25025,Suffolk,Massachusetts,388,2018-01-01 00:00:00
25025,Suffolk,Massachusetts,389,2018-01-01 00:15:00
25025,Suffolk,Massachusetts,388,2018-01-01 00:30:00
25025,Suffolk,Massachusetts,388,2018-01-01 00:45:00
25025,Suffolk,Massachusetts,388,2018-01-01 01:00:00
25025,Suffolk,Massachusetts,1,2018-01-01 01:15:00
25025,Suffolk,Massachusetts,1,2018-01-01 01:30:00
25025,Suffolk,Massachusetts,1,2018-01-01 01:45:00
25025,Suffolk,Massachusetts,4,2018-01-01 02:00:00
25025,Suffolk,Massachusetts,816,2018-01-01 03:30:00
25025,Suffolk,Massachusetts,816,2018-01-01 03:45:00
25025,Suffolk,Massachusetts,74,2018-01-01 04:00:00
25025,Suffolk,Massachusetts,1,2018-01-01 10:30:00
25025,Suffolk,Massachusetts,1,2018-01-01 10:45:00
25025,Suffolk,Massachusetts,1,2018-01-01 11:00:00
25025,Suffolk,Massachusetts,1,2018-01-01 11:15:00
25025,Suffolk,Massachusetts,1,2018-01-01 11:30:00
25025,Suffolk,Massachusetts,1,2018-01-01 11:45:00
25025,Suffolk,Massachusetts,1,2018-01-01 12:00:00
25025,Suffolk,Massachusetts,1,2018-01-01 12:15:00
25025,Suffolk,Massachusetts,1,2018-01-01 12:30:00
25025,Suffolk,Massachusetts,2,2018-01-01 12:45:00
25025,Suffolk,Massachusetts,1,2018-01-01 13:00:00
25025,Suffolk,Massachusetts,1,2018-01-01 13:45:00
25025,Suffolk,Massachusetts,1,2018-01-01 14:00:00
25025,Suffolk,Massachusetts,3,2018-01-01 14:15:00
25025,Suffolk,Massachusetts,3,2018-01-01 14:30:00
25025,Suffolk,Massachusetts,379,2018-01-01 14:45:00
25025,Suffolk,Massachusetts,378,2018-01-01 15:00:00
25025,Suffolk,Massachusetts,496,2018-01-01 15:15:00
25025,Suffolk,Massachusetts,497,2018-01-01 15:30:00
25025,Suffolk,Massachusetts,457,2018-01-01 15:45:00
25025,Suffolk,Massachusetts,388,2018-01-01 16:00:00
25025,Suffolk,Massachusetts,386,2018-01-01 16:15:00
25025,Suffolk,Massachusetts,387,2018-01-01 16:30:00
25025,Suffolk,Massachusetts,386,2018-01-01 16:45:00
25025,Suffolk,Massachusetts,386,2018-01-01 17:00:00
25025,Suffolk,Massachusetts,386,2018-01-01 17:15:00
25025,Suffolk,Massachusetts,501,2018-01-01 17:30:00
25025,Suffolk,Massachusetts,388,2018-01-01 17:45:00
25025,Suffolk,Massachusetts,389,2018-01-01 18:00:00
25025,Suffolk,Massachusetts,597,2018-01-01 18:15:00
25025,Suffolk,Massachusetts,598,2018-01-01 18:30:00
25025,Suffolk,Massachusetts,526,2018-01-01 18:45:00
25025,Suffolk,Massachusetts,525,2018-01-01 19:00:00
25025,Suffolk,Massachusetts,637,2018-01-01 19:15:00
25025,Suffolk,Massachusetts,638,2018-01-01 19:30:00
25025,Suffolk,Massachusetts,526,2018-01-01 19:45:00
25025,Suffolk,Massachusetts,526,2018-01-01 20:00:00
25025,Suffolk,Massachusetts,370,2018-01-01 20:15:00
25025,Suffolk,Massachusetts,374,2018-01-01 20:30:00
25025,Suffolk,Massachusetts,369,2018-01-01 20:45:00
25025,Suffolk,Massachusetts,323,2018-01-01 21:00:00
25025,Suffolk,Massachusetts,321,2018-01-01 21:15:00
25025,Suffolk,Massachusetts,321,2018-01-01 21:30:00
25025,Suffolk,Massachusetts,318,2018-01-01 21:45:00
25025,Suffolk,Massachusetts,317,2018-01-01 22:00:00
25025,Suffolk,Massachusetts,318,2018-01-01 22:15:00
25025,Suffolk,Massachusetts,2,2018-01-01 22:30:00
25025,Suffolk,Massachusetts,2,2018-01-01 22:45:00
25025,Suffolk,Massachusetts,3,2018-01-01 23:00:00
25025,Suffolk,Massachusetts,1,2018-01-01 23:15:00
25025,Suffolk,Massachusetts,1,2018-01-01 23:30:00
25025,Suffolk,Massachusetts,1,2018-01-01 23:45:00
25025,Suffolk,Massachusetts,74,2018-01-02 00:15:00
25025,Suffolk,Massachusetts,74,2018-01-02 00:30:00
25025,Suffolk,Massachusetts,1,2018-01-02 04:45:00
25025,Suffolk,Massachusetts,1,2018-01-02 12:15:00
25025,Suffolk,Massachusetts,5,2018-01-02 12:30:00
25025,Suffolk,Massachusetts,1,2018-01-02 12:45:00
25025,Suffolk,Massachusetts,1,2018-01-02 13:00:00
25025,Suffolk,Massachusetts,1,2018-01-02 13:15:00
25025,Suffolk,Massachusetts,1,2018-01-02 13:30:00
25025,Suffolk,Massachusetts,1,2018-01-02 17:15:00
25025,Suffolk,Massachusetts,1,2018-01-02 17:30:00
25025,Suffolk,Massachusetts,1,2018-01-02 17:45:00
25025,Suffolk,Massachusetts,1,2018-01-02 18:00:00
25025,Suffolk,Massachusetts,1,2018-01-02 18:15:00
25025,Suffolk,Massachusetts,1,2018-01-02 18:30:00
25025,Suffolk,Massachusetts,1,2018-01-02 18:45:00
25025,Suffolk,Massachusetts,1,2018-01-02 19:00:00
25025,Suffolk,Massachusetts,1,2018-01-02 19:15:00
25025,Suffolk,Massachusetts,1,2018-01-02 19:30:00
25025,Suffolk,Massachusetts,1,2018-01-02 20:00:00
25025,Suffolk,Massachusetts,1,2018-01-02 20:15:00
25025,Suffolk,Massachusetts,1,2018-01-02 20:30:00
25025,Suffolk,Massachusetts,1,2018-01-02 20:45:00
25025,Suffolk,Massachusetts,1,2018-01-02 21:00:00
25025,Suffolk,Massachusetts,1,2018-01-02 21:15:00
25025,Suffolk,Massachusetts,1,2018-01-02 21:30:00
25025,Suffolk,Massachusetts,2,2018-01-02 22:15:00
25025,Suffolk,Massachusetts,1,2018-01-02 23:00:00
25025,Suffolk,Massachusetts,1,2018-01-02 23:15:00
25025,Suffolk,Massachusetts,1,2018-01-02 23:30:00
25025,Suffolk,Massachusetts,1,2018-01-02 23:45:00
25025,Suffolk,Massachusetts,1,2018-01-03 00:00:00
25025,Suffolk,Massachusetts,2,2018-01-03 00:15:00
25025,Suffolk,Massachusetts,2,2018-01-03 00:30:00
25025,Suffolk,Massachusetts,2,2018-01-03 00:45:00
25025,Suffolk,Massachusetts,2,2018-01-03 01:00:00
25025,Suffolk,Massachusetts,2,2018-01-03 01:15:00
25025,Suffolk,Massachusetts,3,2018-01-03 01:30:00
25025,Suffolk,Massachusetts,5,2018-01-03 01:45:01
25025,Suffolk,Massachusetts,4,2018-01-03 02:00:00
25025,Suffolk,Massachusetts,4,2018-01-03 02:15:00
25025,Suffolk,Massachusetts,4,2018-01-03 02:30:00
25025,Suffolk,Massachusetts,4,2018-01-03 02:45:00
25025,Suffolk,Massachusetts,4,2018-01-03 03:00:00
25025,Suffolk,Massachusetts,2,2018-01-03 03:15:00
25025,Suffolk,Massachusetts,2,2018-01-03 03:30:00
25025,Suffolk,Massachusetts,2,2018-01-03 03:45:00
25025,Suffolk,Massachusetts,2,2018-01-03 04:00:00
25025,Suffolk,Massachusetts,2,2018-01-03 04:15:00
25025,Suffolk,Massachusetts,2,2018-01-03 04:30:00
25025,Suffolk,Massachusetts,2,2018-01-03 04:45:00
25025,Suffolk,Massachusetts,6,2018-01-03 05:00:00
25025,Suffolk,Massachusetts,2,2018-01-03 05:15:00
25025,Suffolk,Massachusetts,1,2018-01-03 05:30:00
25025,Suffolk,Massachusetts,1,2018-01-03 05:45:00
25025,Suffolk,Massachusetts,1,2018-01-03 06:00:00
25025,Suffolk,Massachusetts,120,2018-01-03 06:15:00
25025,Suffolk,Massachusetts,121,2018-01-03 06:30:00
25025,Suffolk,Massachusetts,121,2018-01-03 06:45:00
25025,Suffolk,Massachusetts,120,2018-01-03 07:00:00
25025,Suffolk,Massachusetts,118,2018-01-03 07:15:00
25025,Suffolk,Massachusetts,118,2018-01-03 07:30:00
25025,Suffolk,Massachusetts,118,2018-01-03 07:45:00
25025,Suffolk,Massachusetts,118,2018-01-03 08:00:00
25025,Suffolk,Massachusetts,118,2018-01-03 08:15:00
25025,Suffolk,Massachusetts,118,2018-01-03 08:30:00
25025,Suffolk,Massachusetts,27,2018-01-03 08:45:00
25025,Suffolk,Massachusetts,215,2018-01-03 09:00:00
25025,Suffolk,Massachusetts,215,2018-01-03 09:15:00
25025,Suffolk,Massachusetts,217,2018-01-03 09:30:00
25025,Suffolk,Massachusetts,214,2018-01-03 09:45:00
25025,Suffolk,Massachusetts,30,2018-01-03 10:00:00
25025,Suffolk,Massachusetts,30,2018-01-03 10:15:00
25025,Suffolk,Massachusetts,26,2018-01-03 10:30:00
25025,Suffolk,Massachusetts,1,2018-01-03 11:00:00
25025,Suffolk,Massachusetts,2,2018-01-03 14:15:00
25025,Suffolk,Massachusetts,151,2018-01-03 14:30:00
25025,Suffolk,Massachusetts,153,2018-01-03 14:45:00
25025,Suffolk,Massachusetts,152,2018-01-03 15:00:00
25025,Suffolk,Massachusetts,152,2018-01-03 15:15:00
25025,Suffolk,Massachusetts,152,2018-01-03 15:30:00
25025,Suffolk,Massachusetts,152,2018-01-03 15:45:00
25025,Suffolk,Massachusetts,152,2018-01-03 16:00:00
25025,Suffolk,Massachusetts,152,2018-01-03 16:15:00
25025,Suffolk,Massachusetts,152,2018-01-03 16:30:00
25025,Suffolk,Massachusetts,153,2018-01-03 16:45:00
25025,Suffolk,Massachusetts,153,2018-01-03 17:00:00
25025,Suffolk,Massachusetts,151,2018-01-03 17:15:00
25025,Suffolk,Massachusetts,152,2018-01-03 17:30:00
25025,Suffolk,Massachusetts,152,2018-01-03 17:45:00
25025,Suffolk,Massachusetts,152,2018-01-03 18:00:00
25025,Suffolk,Massachusetts,152,2018-01-03 18:15:00
25025,Suffolk,Massachusetts,152,2018-01-03 18:30:00
25025,Suffolk,Massachusetts,151,2018-01-03 18:45:00
25025,Suffolk,Massachusetts,151,2018-01-03 19:00:00
25025,Suffolk,Massachusetts,152,2018-01-03 19:15:00
25025,Suffolk,Massachusetts,152,2018-01-03 19:30:00
25025,Suffolk,Massachusetts,4,2018-01-03 19:45:00
25025,Suffolk,Massachusetts,5,2018-01-03 20:00:00
25025,Suffolk,Massachusetts,5,2018-01-03 20:15:00
25025,Suffolk,Massachusetts,4,2018-01-03 20:30:00
25025,Suffolk,Massachusetts,4,2018-01-03 20:45:00
25025,Suffolk,Massachusetts,4,2018-01-03 21:00:00
25025,Suffolk,Massachusetts,4,2018-01-03 21:15:00
25025,Suffolk,Massachusetts,4,2018-01-03 21:30:00
25025,Suffolk,Massachusetts,4,2018-01-03 21:45:00
25025,Suffolk,Massachusetts,4,2018-01-03 22:00:00
25025,Suffolk,Massachusetts,4,2018-01-03 22:15:00
25025,Suffolk,Massachusetts,4,2018-01-03 22:30:00
25025,Suffolk,Massachusetts,4,2018-01-03 22:45:00
25025,Suffolk,Massachusetts,4,2018-01-03 23:00:00
25025,Suffolk,Massachusetts,3,2018-01-03 23:15:00
25025,Suffolk,Massachusetts,3,2018-01-03 23:30:00
25025,Suffolk,Massachusetts,3,2018-01-03 23:45:00
25025,Suffolk,Massachusetts,3,2018-01-04 00:00:00
25025,Suffolk,Massachusetts,4,2018-01-04 00:15:01
25025,Suffolk,Massachusetts,4,2018-01-04 00:30:02
25025,Suffolk,Massachusetts,3,2018-01-04 00:45:00
25025,Suffolk,Massachusetts,3,2018-01-04 01:00:03
25025,Suffolk,Massachusetts,2,2018-01-04 01:15:00
25025,Suffolk,Massachusetts,2,2018-01-04 01:45:00
25025,Suffolk,Massachusetts,2,2018-01-04 02:00:00
25025,Suffolk,Massachusetts,2,2018-01-04 02:15:00
25025,Suffolk,Massachusetts,2,2018-01-04 02:30:00
25025,Suffolk,Massachusetts,2,2018-01-04 02:45:00
25025,Suffolk,Massachusetts,2,2018-01-04 03:00:00
25025,Suffolk,Massachusetts,2,2018-01-04 03:15:00
25025,Suffolk,Massachusetts,2,2018-01-04 03:30:00
25025,Suffolk,Massachusetts,2,2018-01-04 03:45:00
25025,Suffolk,Massachusetts,2,2018-01-04 04:00:00
25025,Suffolk,Massachusetts,2,2018-01-04 04:15:00
25025,Suffolk,Massachusetts,2,2018-01-04 04:30:00
25025,Suffolk,Massachusetts,2,2018-01-04 04:45:00
25025,Suffolk,Massachusetts,1,2018-01-04 05:00:00
25025,Suffolk,Massachusetts,1,2018-01-04 05:15:00
25025,Suffolk,Massachusetts,1,2018-01-04 05:30:00
25025,Suffolk,Massachusetts,1,2018-01-04 05:45:00
25025,Suffolk,Massachusetts,91,2018-01-04 07:00:00
25025,Suffolk,Massachusetts,94,2018-01-04 07:15:00
25025,Suffolk,Massachusetts,91,2018-01-04 07:30:00
25025,Suffolk,Massachusetts,1,2018-01-04 11:45:00
25025,Suffolk,Massachusetts,1,2018-01-04 12:00:00
25025,Suffolk,Massachusetts,1,2018-01-04 12:15:00
25025,Suffolk,Massachusetts,1,2018-01-04 12:30:00
25025,Suffolk,Massachusetts,1,2018-01-04 12:45:00
25025,Suffolk,Massachusetts,1,2018-01-04 13:00:00
25025,Suffolk,Massachusetts,1,2018-01-04 13:15:00
25025,Suffolk,Massachusetts,1,2018-01-04 13:45:00
25025,Suffolk,Massachusetts,1,2018-01-04 14:00:00
25025,Suffolk,Massachusetts,1,2018-01-04 14:15:00
25025,Suffolk,Massachusetts,2,2018-01-04 14:30:01
25025,Suffolk,Massachusetts,2,2018-01-04 14:45:00
25025,Suffolk,Massachusetts,2,2018-01-04 15:00:00
25025,Suffolk,Massachusetts,2,2018-01-04 15:15:00
25025,Suffolk,Massachusetts,2,2018-01-04 15:30:00
25025,Suffolk,Massachusetts,1,2018-01-04 15:45:00
25025,Suffolk,Massachusetts,96,2018-01-04 16:00:00
25025,Suffolk,Massachusetts,267,2018-01-04 16:15:00
25025,Suffolk,Massachusetts,266,2018-01-04 16:30:00
25025,Suffolk,Massachusetts,266,2018-01-04 16:45:00
25025,Suffolk,Massachusetts,266,2018-01-04 17:00:00
25025,Suffolk,Massachusetts,267,2018-01-04 17:15:00
25025,Suffolk,Massachusetts,266,2018-01-04 17:30:00
25025,Suffolk,Massachusetts,126,2018-01-04 18:00:01
25025,Suffolk,Massachusetts,126,2018-01-04 18:15:00
25025,Suffolk,Massachusetts,130,2018-01-04 18:30:00
25025,Suffolk,Massachusetts,133,2018-01-04 18:45:00
25025,Suffolk,Massachusetts,180,2018-01-04 19:00:00
25025,Suffolk,Massachusetts,134,2018-01-04 19:15:00
25025,Suffolk,Massachusetts,135,2018-01-04 19:30:00
25025,Suffolk,Massachusetts,141,2018-01-04 19:45:00
25025,Suffolk,Massachusetts,220,2018-01-04 20:00:00
25025,Suffolk,Massachusetts,219,2018-01-04 20:15:00
25025,Suffolk,Massachusetts,93,2018-01-04 20:30:00
25025,Suffolk,Massachusetts,93,2018-01-04 20:45:00
25025,Suffolk,Massachusetts,104,2018-01-04 21:00:00
25025,Suffolk,Massachusetts,103,2018-01-04 21:15:00
25025,Suffolk,Massachusetts,107,2018-01-04 21:30:00
25025,Suffolk,Massachusetts,131,2018-01-04 21:45:00
25025,Suffolk,Massachusetts,128,2018-01-04 22:00:00
25025,Suffolk,Massachusetts,123,2018-01-04 22:15:00
25025,Suffolk,Massachusetts,150,2018-01-04 22:30:00
25025,Suffolk,Massachusetts,150,2018-01-04 22:45:00
25025,Suffolk,Massachusetts,151,2018-01-04 23:00:00
25025,Suffolk,Massachusetts,149,2018-01-04 23:15:00
25025,Suffolk,Massachusetts,149,2018-01-04 23:30:00
25025,Suffolk,Massachusetts,149,2018-01-04 23:45:00
25025,Suffolk,Massachusetts,127,2018-01-05 00:00:00
25025,Suffolk,Massachusetts,104,2018-01-05 00:15:00
25025,Suffolk,Massachusetts,104,2018-01-05 00:30:00
25025,Suffolk,Massachusetts,104,2018-01-05 00:45:00
25025,Suffolk,Massachusetts,97,2018-01-05 01:00:00
25025,Suffolk,Massachusetts,100,2018-01-05 01:15:00
25025,Suffolk,Massachusetts,103,2018-01-05 01:30:00
25025,Suffolk,Massachusetts,104,2018-01-05 01:45:00
25025,Suffolk,Massachusetts,103,2018-01-05 02:00:00
25025,Suffolk,Massachusetts,104,2018-01-05 02:15:00
25025,Suffolk,Massachusetts,105,2018-01-05 02:30:00
25025,Suffolk,Massachusetts,49,2018-01-05 02:45:00
25025,Suffolk,Massachusetts,48,2018-01-05 03:00:00
25025,Suffolk,Massachusetts,16,2018-01-05 03:15:00
25025,Suffolk,Massachusetts,52,2018-01-05 03:30:00
25025,Suffolk,Massachusetts,53,2018-01-05 03:45:00
25025,Suffolk,Massachusetts,25,2018-01-05 04:00:00
25025,Suffolk,Massachusetts,10,2018-01-05 04:15:00
25025,Suffolk,Massachusetts,9,2018-01-05 04:30:00
25025,Suffolk,Massachusetts,484,2018-01-05 04:45:00
25025,Suffolk,Massachusetts,483,2018-01-05 05:00:00
25025,Suffolk,Massachusetts,484,2018-01-05 05:15:00
25025,Suffolk,Massachusetts,3,2018-01-05 05:30:00
25025,Suffolk,Massachusetts,3,2018-01-05 05:45:00
25025,Suffolk,Massachusetts,2,2018-01-05 06:00:00
25025,Suffolk,Massachusetts,1,2018-01-05 06:15:00
25025,Suffolk,Massachusetts,1,2018-01-05 13:00:00
25025,Suffolk,Massachusetts,1,2018-01-05 13:15:00
25025,Suffolk,Massachusetts,6,2018-01-05 13:30:00
25025,Suffolk,Massachusetts,6,2018-01-05 13:45:00
25025,Suffolk,Massachusetts,6,2018-01-05 14:00:00
25025,Suffolk,Massachusetts,5,2018-01-05 14:15:00
25025,Suffolk,Massachusetts,23,2018-01-05 14:30:00
25025,Suffolk,Massachusetts,23,2018-01-05 14:45:00
25025,Suffolk,Massachusetts,23,2018-01-05 15:00:00
25025,Suffolk,Massachusetts,23,2018-01-05 15:15:00
25025,Suffolk,Massachusetts,23,2018-01-05 15:30:00
25025,Suffolk,Massachusetts,23,2018-01-05 15:45:00
25025,Suffolk,Massachusetts,24,2018-01-05 16:00:00
25025,Suffolk,Massachusetts,24,2018-01-05 16:15:00
25025,Suffolk,Massachusetts,23,2018-01-05 16:30:00
25025,Suffolk,Massachusetts,23,2018-01-05 16:45:00
25025,Suffolk,Massachusetts,22,2018-01-05 17:00:00
25025,Suffolk,Massachusetts,22,2018-01-05 17:15:00
25025,Suffolk,Massachusetts,22,2018-01-05 17:30:00
25025,Suffolk,Massachusetts,22,2018-01-05 17:45:00
25025,Suffolk,Massachusetts,23,2018-01-05 18:00:00
25025,Suffolk,Massachusetts,22,2018-01-05 18:15:00
25025,Suffolk,Massachusetts,18,2018-01-05 18:30:00
25025,Suffolk,Massachusetts,18,2018-01-05 18:45:00
25025,Suffolk,Massachusetts,18,2018-01-05 19:00:00
25025,Suffolk,Massachusetts,18,2018-01-05 19:15:00
25025,Suffolk,Massachusetts,18,2018-01-05 19:30:00
25025,Suffolk,Massachusetts,22,2018-01-05 19:45:00
25025,Suffolk,Massachusetts,1,2018-01-05 20:00:00
25025,Suffolk,Massachusetts,2,2018-01-05 20:15:00
25025,Suffolk,Massachusetts,1,2018-01-05 20:30:00
25025,Suffolk,Massachusetts,1,2018-01-05 20:45:00
25025,Suffolk,Massachusetts,2,2018-01-05 21:00:00
25025,Suffolk,Massachusetts,1,2018-01-05 21:15:00
25025,Suffolk,Massachusetts,19,2018-01-05 21:30:00
25025,Suffolk,Massachusetts,19,2018-01-05 21:45:00
25025,Suffolk,Massachusetts,21,2018-01-05 22:00:00
25025,Suffolk,Massachusetts,20,2018-01-05 22:15:00
25025,Suffolk,Massachusetts,6,2018-01-05 22:30:00
25025,Suffolk,Massachusetts,6,2018-01-05 22:45:00
25025,Suffolk,Massachusetts,8,2018-01-05 23:00:00
25025,Suffolk,Massachusetts,24,2018-01-05 23:15:00
25025,Suffolk,Massachusetts,24,2018-01-05 23:30:00
25025,Suffolk,Massachusetts,24,2018-01-05 23:45:00
25025,Suffolk,Massachusetts,29,2018-01-06 00:00:00
25025,Suffolk,Massachusetts,26,2018-01-06 00:15:00
25025,Suffolk,Massachusetts,26,2018-01-06 00:30:00
25025,Suffolk,Massachusetts,27,2018-01-06 00:45:00
25025,Suffolk,Massachusetts,27,2018-01-06 01:00:00
25025,Suffolk,Massachusetts,22,2018-01-06 01:15:00
25025,Suffolk,Massachusetts,24,2018-01-06 01:30:00
25025,Suffolk,Massachusetts,6,2018-01-06 01:45:00
25025,Suffolk,Massachusetts,6,2018-01-06 02:00:00
25025,Suffolk,Massachusetts,6,2018-01-06 02:15:00
25025,Suffolk,Massachusetts,23,2018-01-06 02:30:00
25025,Suffolk,Massachusetts,23,2018-01-06 02:45:00
25025,Suffolk,Massachusetts,23,2018-01-06 03:00:00
25025,Suffolk,Massachusetts,22,2018-01-06 03:15:00
25025,Suffolk,Massachusetts,21,2018-01-06 03:30:00
25025,Suffolk,Massachusetts,21,2018-01-06 03:45:00
25025,Suffolk,Massachusetts,48,2018-01-06 04:00:00
25025,Suffolk,Massachusetts,47,2018-01-06 04:15:00
25025,Suffolk,Massachusetts,47,2018-01-06 04:30:00
25025,Suffolk,Massachusetts,47,2018-01-06 05:00:00
25025,Suffolk,Massachusetts,47,2018-01-06 05:15:00
25025,Suffolk,Massachusetts,47,2018-01-06 05:30:00
25025,Suffolk,Massachusetts,47,2018-01-06 05:45:00
25025,Suffolk,Massachusetts,47,2018-01-06 06:00:00
25025,Suffolk,Massachusetts,47,2018-01-06 06:15:00
25025,Suffolk,Massachusetts,21,2018-01-06 06:30:00
25025,Suffolk,Massachusetts,21,2018-01-06 06:45:00
25025,Suffolk,Massachusetts,21,2018-01-06 07:00:00
25025,Suffolk,Massachusetts,21,2018-01-06 07:15:00
25025,Suffolk,Massachusetts,21,2018-01-06 07:30:00
25025,Suffolk,Massachusetts,2,2018-01-06 07:45:00
25025,Suffolk,Massachusetts,1,2018-01-06 08:00:00
25025,Suffolk,Massachusetts,1,2018-01-06 08:15:00
25025,Suffolk,Massachusetts,1,2018-01-06 08:30:00
25025,Suffolk,Massachusetts,1,2018-01-06 08:45:00
25025,Suffolk,Massachusetts,1,2018-01-06 09:00:00
25025,Suffolk,Massachusetts,1,2018-01-06 09:15:00
25025,Suffolk,Massachusetts,1,2018-01-06 09:30:00
25025,Suffolk,Massachusetts,1,2018-01-06 09:45:00
25025,Suffolk,Massachusetts,1,2018-01-06 10:00:00
25025,Suffolk,Massachusetts,1,2018-01-06 10:15:00
25025,Suffolk,Massachusetts,1,2018-01-06 13:30:00
25025,Suffolk,Massachusetts,1,2018-01-06 13:45:00
25025,Suffolk,Massachusetts,6,2018-01-06 14:00:00
25025,Suffolk,Massachusetts,6,2018-01-06 14:15:00
25025,Suffolk,Massachusetts,6,2018-01-06 14:30:00
25025,Suffolk,Massachusetts,939,2018-01-06 14:45:00
25025,Suffolk,Massachusetts,941,2018-01-06 15:00:00
25025,Suffolk,Massachusetts,941,2018-01-06 15:15:00
25025,Suffolk,Massachusetts,939,2018-01-06 15:30:00
25025,Suffolk,Massachusetts,101,2018-01-06 15:45:00
25025,Suffolk,Massachusetts,97,2018-01-06 16:00:00
25025,Suffolk,Massachusetts,101,2018-01-06 16:15:00
25025,Suffolk,Massachusetts,100,2018-01-06 16:30:00
25025,Suffolk,Massachusetts,100,2018-01-06 16:45:00
25025,Suffolk,Massachusetts,33,2018-01-06 17:00:00
25025,Suffolk,Massachusetts,32,2018-01-06 17:15:00
25025,Suffolk,Massachusetts,32,2018-01-06 17:30:00
25025,Suffolk,Massachusetts,32,2018-01-06 17:45:00
25025,Suffolk,Massachusetts,5,2018-01-06 18:00:00
25025,Suffolk,Massachusetts,33,2018-01-06 18:15:00
25025,Suffolk,Massachusetts,34,2018-01-06 18:30:00
25025,Suffolk,Massachusetts,34,2018-01-06 18:45:00
25025,Suffolk,Massachusetts,34,2018-01-06 19:00:00
25025,Suffolk,Massachusetts,34,2018-01-06 19:15:00
25025,Suffolk,Massachusetts,35,2018-01-06 19:30:00
25025,Suffolk,Massachusetts,35,2018-01-06 19:45:00
25025,Suffolk,Massachusetts,7,2018-01-06 20:00:00
25025,Suffolk,Massachusetts,6,2018-01-06 20:15:00
25025,Suffolk,Massachusetts,6,2018-01-06 20:30:00
25025,Suffolk,Massachusetts,5,2018-01-06 20:45:00
25025,Suffolk,Massachusetts,5,2018-01-06 21:00:00
25025,Suffolk,Massachusetts,5,2018-01-06 21:15:00
25025,Suffolk,Massachusetts,5,2018-01-06 21:30:00
25025,Suffolk,Massachusetts,6,2018-01-06 21:45:00
25025,Suffolk,Massachusetts,6,2018-01-06 22:00:00
25025,Suffolk,Massachusetts,6,2018-01-06 22:15:00
25025,Suffolk,Massachusetts,6,2018-01-06 22:30:00
25025,Suffolk,Massachusetts,7,2018-01-06 22:45:00
25025,Suffolk,Massachusetts,5,2018-01-06 23:00:00
25025,Suffolk,Massachusetts,5,2018-01-06 23:15:00
25025,Suffolk,Massachusetts,6,2018-01-06 23:30:00
25025,Suffolk,Massachusetts,5,2018-01-06 23:45:00
25025,Suffolk,Massachusetts,6,2018-01-07 00:15:00
25025,Suffolk,Massachusetts,5,2018-01-07 00:30:00
25025,Suffolk,Massachusetts,5,2018-01-07 00:45:00
25025,Suffolk,Massachusetts,5,2018-01-07 01:00:00
25025,Suffolk,Massachusetts,5,2018-01-07 01:15:00
25025,Suffolk,Massachusetts,5,2018-01-07 01:30:00
25025,Suffolk,Massachusetts,5,2018-01-07 01:45:00
25025,Suffolk,Massachusetts,5,2018-01-07 02:00:00
25025,Suffolk,Massachusetts,38,2018-01-07 02:15:00
25025,Suffolk,Massachusetts,38,2018-01-07 02:30:00
25025,Suffolk,Massachusetts,5,2018-01-07 02:45:00
25025,Suffolk,Massachusetts,5,2018-01-07 03:00:00
25025,Suffolk,Massachusetts,5,2018-01-07 03:15:00
25025,Suffolk,Massachusetts,5,2018-01-07 03:45:00
25025,Suffolk,Massachusetts,60,2018-01-07 04:00:00
25025,Suffolk,Massachusetts,60,2018-01-07 04:15:00
25025,Suffolk,Massachusetts,60,2018-01-07 04:30:00
25025,Suffolk,Massachusetts,60,2018-01-07 04:45:00
25025,Suffolk,Massachusetts,60,2018-01-07 05:00:00
25025,Suffolk,Massachusetts,60,2018-01-07 05:15:00
25025,Suffolk,Massachusetts,60,2018-01-07 05:30:00
25025,Suffolk,Massachusetts,133,2018-01-07 05:45:00
25025,Suffolk,Massachusetts,189,2018-01-07 06:00:00
25025,Suffolk,Massachusetts,189,2018-01-07 06:15:00
25025,Suffolk,Massachusetts,192,2018-01-07 06:30:00
25025,Suffolk,Massachusetts,627,2018-01-07 06:45:00
25025,Suffolk,Massachusetts,626,2018-01-07 07:00:00
25025,Suffolk,Massachusetts,622,2018-01-07 07:15:00
25025,Suffolk,Massachusetts,622,2018-01-07 07:30:00
25025,Suffolk,Massachusetts,622,2018-01-07 07:45:00
25025,Suffolk,Massachusetts,622,2018-01-07 08:00:00
25025,Suffolk,Massachusetts,1361,2018-01-07 08:15:00
25025,Suffolk,Massachusetts,1393,2018-01-07 08:30:00
25025,Suffolk,Massachusetts,1352,2018-01-07 08:45:00
25025,Suffolk,Massachusetts,1353,2018-01-07 09:00:00
25025,Suffolk,Massachusetts,1353,2018-01-07 09:15:00
25025,Suffolk,Massachusetts,1355,2018-01-07 09:30:00
25025,Suffolk,Massachusetts,748,2018-01-07 09:45:00
25025,Suffolk,Massachusetts,748,2018-01-07 10:00:00
25025,Suffolk,Massachusetts,748,2018-01-07 10:15:00
25025,Suffolk,Massachusetts,748,2018-01-07 10:30:00
25025,Suffolk,Massachusetts,748,2018-01-07 10:45:00
25025,Suffolk,Massachusetts,750,2018-01-07 11:00:00
25025,Suffolk,Massachusetts,750,2018-01-07 11:15:00
25025,Suffolk,Massachusetts,749,2018-01-07 11:30:00
25025,Suffolk,Massachusetts,383,2018-01-07 11:45:00
25025,Suffolk,Massachusetts,379,2018-01-07 12:00:00
25025,Suffolk,Massachusetts,379,2018-01-07 12:15:00
25025,Suffolk,Massachusetts,379,2018-01-07 12:30:00
25025,Suffolk,Massachusetts,245,2018-01-07 12:45:00
25025,Suffolk,Massachusetts,125,2018-01-07 13:00:00
25025,Suffolk,Massachusetts,125,2018-01-07 13:15:00
25025,Suffolk,Massachusetts,125,2018-01-07 13:30:00
25025,Suffolk,Massachusetts,125,2018-01-07 13:45:00
25025,Suffolk,Massachusetts,125,2018-01-07 14:00:00
25025,Suffolk,Massachusetts,127,2018-01-07 14:15:00
25025,Suffolk,Massachusetts,128,2018-01-07 14:30:00
25025,Suffolk,Massachusetts,128,2018-01-07 14:45:00
25025,Suffolk,Massachusetts,191,2018-01-07 15:00:00
25025,Suffolk,Massachusetts,190,2018-01-07 15:15:00
25025,Suffolk,Massachusetts,190,2018-01-07 15:30:00
25025,Suffolk,Massachusetts,191,2018-01-07 15:45:00
25025,Suffolk,Massachusetts,194,2018-01-07 16:00:00
25025,Suffolk,Massachusetts,194,2018-01-07 16:15:00
25025,Suffolk,Massachusetts,194,2018-01-07 16:30:00
25025,Suffolk,Massachusetts,194,2018-01-07 16:45:00
25025,Suffolk,Massachusetts,194,2018-01-07 17:00:00
25025,Suffolk,Massachusetts,194,2018-01-07 17:15:00
25025,Suffolk,Massachusetts,84,2018-01-07 17:30:00
25025,Suffolk,Massachusetts,83,2018-01-07 17:45:00
25025,Suffolk,Massachusetts,80,2018-01-07 18:00:00
25025,Suffolk,Massachusetts,83,2018-01-07 18:15:00
25025,Suffolk,Massachusetts,79,2018-01-07 18:30:00
25025,Suffolk,Massachusetts,104,2018-01-07 18:45:00
25025,Suffolk,Massachusetts,104,2018-01-07 19:00:00
25025,Suffolk,Massachusetts,105,2018-01-07 19:15:00
25025,Suffolk,Massachusetts,106,2018-01-07 19:30:00
25025,Suffolk,Massachusetts,106,2018-01-07 19:45:00
25025,Suffolk,Massachusetts,105,2018-01-07 20:00:00
25025,Suffolk,Massachusetts,78,2018-01-07 20:15:00
25025,Suffolk,Massachusetts,79,2018-01-07 20:30:00
25025,Suffolk,Massachusetts,79,2018-01-07 20:45:00
25025,Suffolk,Massachusetts,78,2018-01-07 21:00:00
25025,Suffolk,Massachusetts,78,2018-01-07 21:15:00
25025,Suffolk,Massachusetts,1,2018-01-07 22:00:00
25025,Suffolk,Massachusetts,1,2018-01-07 22:15:00
25025,Suffolk,Massachusetts,68,2018-01-07 22:45:00
25025,Suffolk,Massachusetts,69,2018-01-07 23:00:00
25025,Suffolk,Massachusetts,70,2018-01-07 23:15:00
25025,Suffolk,Massachusetts,70,2018-01-07 23:30:00
25025,Suffolk,Massachusetts,94,2018-01-07 23:45:00
