tag,role,target_wl_m,lead_class,lead_target_h,timeline,season,row0,spreadsheet_row,year,peak_wl_m,surge_peak_m,tide_m,peak_sample,t_peak_h,span_h,lead_median_h,lead_p90_h,frac_wet_6h_before_peak,frac_wet_24h_before_peak,wet_nodes,max_depth_m,median_wet_depth_m,divisions_at_peak_level,divisions_dry,divisions_partly_filled,wet_nodes_with_fixes,nodes_added_by_fixes,nodes_removed_by_fixes,window_m,n_candidates,convention
syn2_t817c20_wl1p935,train,1.935,fast,2.0,817,c,20,22,2082,1.9348,1.1968,0.738,9,6.87,12.22,2.0,6.87,0.109,0.0,110,4.516,0.32,197,9,0,111,1,0,0.015,200,"one-hour steps, fixes off (as delivered)"
syn2_t296c32_wl2p002,train,2.0025,slow,12.0,296,c,32,34,2095,2.0023,1.3443,0.647,11,12.05,17.88,12.05,12.05,0.888,0.0,125,4.584,0.345,197,9,0,126,1,0,0.015,200,"one-hour steps, fixes off (as delivered)"
syn2_t931w15_wl2p070,train,2.07,fast,2.0,931,w,15,17,2087,2.0704,1.4414,0.629,9,8.07,18.38,2.0,8.07,0.165,0.0,133,4.652,0.413,197,9,0,135,2,0,0.015,200,"one-hour steps, fixes off (as delivered)"
syn2_t165c31_wl2p137,train,2.1375,slow,12.0,165,c,31,33,2087,2.1375,1.4695,0.668,9,19.8,26.23,11.91,19.8,0.527,0.0,148,4.719,0.437,197,9,0,150,2,0,0.015,200,"one-hour steps, fixes off (as delivered)"
syn2_t504c15_wl2p205,train,2.205,fast,2.0,504,c,15,17,2066,2.2051,1.3617,0.663,7,4.38,20.78,2.0,4.08,0.0,0.0,166,4.786,0.443,197,9,0,168,2,0,0.015,200,"one-hour steps, fixes off (as delivered)"
syn2_t910c36_wl2p272,train,2.2725,slow,12.0,910,c,36,38,2091,2.2721,1.4097,0.852,11,11.96,21.31,11.96,11.96,0.559,0.0,186,4.853,0.458,197,9,0,188,2,0,0.015,200,"one-hour steps, fixes off (as delivered)"
syn2_t736c42_wl2p339,train,2.34,fast,2.0,736,c,42,44,2091,2.3394,1.4618,0.806,8,7.52,20.35,2.0,4.26,0.071,0.0,198,4.921,0.482,197,9,0,200,2,0,0.015,200,"one-hour steps, fixes off (as delivered)"
syn2_t25w17_wl2p408,train,2.4075,slow,12.0,25,w,17,19,2067,2.408,1.396,1.012,9,13.24,17.98,11.9,13.24,0.512,0.0,211,4.989,0.513,196,9,1,213,2,0,0.015,200,"one-hour steps, fixes off (as delivered)"
syn2_t326c15_wl2p477,train,2.475,fast,2.0,326,c,15,17,2080,2.4772,1.7542,0.704,8,5.56,26.52,1.99,3.87,0.0,0.0,219,5.058,0.553,196,9,1,223,4,0,0.015,200,"one-hour steps, fixes off (as delivered)"
syn2_t354w10_wl2p544,train,2.5425,slow,12.0,354,w,10,12,2079,2.5437,2.0669,0.373,8,23.2,29.95,11.99,23.2,0.602,0.0,241,5.125,0.572,196,9,1,245,4,0,0.015,200,"one-hour steps, fixes off (as delivered)"
syn2_t589w12_wl2p614,train,2.61,fast,2.0,589,w,12,14,2092,2.6137,1.5697,1.044,9,9.17,20.29,2.0,9.17,0.158,0.0,259,5.195,0.585,196,9,1,263,4,0,0.015,200,"one-hour steps, fixes off (as delivered)"
syn2_t748c28_wl2p684,train,2.6775,slow,12.0,748,c,28,30,2093,2.6836,1.7406,0.735,11,20.22,30.48,12.02,14.77,0.534,0.0,277,5.265,0.617,196,9,1,282,5,0,0.015,200,"one-hour steps, fixes off (as delivered)"
syn2_t731c2_wl2p755,train,2.745,fast,2.0,731,c,2,4,2039,2.7554,2.0154,0.74,9,31.58,37.8,2.0,26.8,0.432,0.328,296,5.337,0.631,196,10,0,301,5,0,0.015,200,"one-hour steps, fixes off (as delivered)"
syn2_t551w16_wl2p807,train,2.8125,slow,12.0,551,w,16,18,2086,2.8067,2.1586,0.594,11,14.82,24.0,12.0,14.3,0.569,0.0,313,5.388,0.635,195,10,1,319,6,0,0.015,177,"one-hour steps, fixes off (as delivered)"
syn2_t853c18_wl2p880,train,2.88,fast,2.0,853,c,18,20,2080,2.8796,2.0126,0.867,9,7.4,29.43,2.01,3.49,0.037,0.0,324,5.461,0.694,196,9,1,330,6,0,0.015,143,"one-hour steps, fixes off (as delivered)"
syn2_t760w7_wl2p959,train,2.9475,slow,12.0,760,w,7,9,2072,2.959,2.9772,-1.074,11,16.47,44.86,11.91,13.57,0.9,0.0,349,5.54,0.74,193,11,2,356,7,0,0.015,129,"one-hour steps, fixes off (as delivered)"
syn2_t51w23_wl3p011,train,3.015,fast,2.0,51,w,23,25,2098,3.0106,2.0796,0.931,9,11.46,26.88,2.05,11.46,0.146,0.0,377,5.592,0.744,196,10,0,384,7,0,0.015,102,"one-hour steps, fixes off (as delivered)"
syn2_t512w18_wl3p089,train,3.0825,slow,12.0,512,w,18,20,2087,3.0894,2.4524,0.637,9,17.71,36.88,12.02,14.48,0.533,0.0,392,5.671,0.775,195,10,1,399,7,0,0.015,97,"one-hour steps, fixes off (as delivered)"
syn2_t595w12_wl3p142,train,3.15,fast,2.0,595,w,12,14,2085,3.142,2.828,-0.839,7,18.41,41.38,1.99,14.78,0.437,0.0,407,5.723,0.77,194,11,1,414,7,0,0.015,78,"one-hour steps, fixes off (as delivered)"
syn2_t78w9_wl3p232,train,3.2175,slow,12.0,78,w,9,11,2079,3.2323,3.3193,-0.148,8,37.94,52.72,11.96,34.86,0.749,0.232,426,5.814,0.803,190,11,5,433,7,0,0.015,74,"one-hour steps, fixes off (as delivered)"
syn2_t546c20_wl3p299,train,3.285,fast,2.0,546,c,20,22,2074,3.2993,2.5393,0.76,9,26.1,44.61,2.0,24.83,0.447,0.159,447,5.881,0.794,195,10,1,454,7,0,0.015,66,"one-hour steps, fixes off (as delivered)"
syn2_t858w3_wl3p342,train,3.3525,slow,12.0,858,w,3,5,2055,3.3418,3.0393,-0.15,11,31.79,47.82,11.77,25.87,0.658,0.233,450,5.923,0.837,191,11,4,457,7,0,0.015,64,"one-hour steps, fixes off (as delivered)"
syn2_t870w11_wl3p407,train,3.42,fast,2.0,870,w,11,13,2076,3.4072,2.6692,0.738,9,24.09,34.74,2.01,24.09,0.376,0.125,465,5.988,0.893,193,11,2,472,7,0,0.015,46,"one-hour steps, fixes off (as delivered)"
syn2_t194c43_wl3p498,train,3.4875,slow,12.0,194,c,43,45,2092,3.4978,2.9838,0.514,10,29.09,64.75,11.41,23.71,0.599,0.087,494,6.079,0.926,193,11,2,501,7,0,0.015,43,"one-hour steps, fixes off (as delivered)"
syn2_t175w10_wl3p557,train,3.555,fast,2.0,175,w,10,12,2066,3.5572,3.0772,0.48,9,19.65,45.48,2.02,13.72,0.421,0.0,511,6.139,0.957,190,11,5,518,7,0,0.015,31,"one-hour steps, fixes off (as delivered)"
syn2_t431w19_wl3p632,train,3.6225,slow,12.0,431,w,19,21,2087,3.6319,3.1435,0.376,11,33.34,43.29,12.01,25.22,0.529,0.24,526,6.213,1.012,187,13,6,534,8,0,0.015,35,"one-hour steps, fixes off (as delivered)"
syn2_t397w4_wl3p687,train,3.69,fast,2.0,397,w,4,6,2053,3.6872,2.7282,0.959,9,8.54,43.13,1.99,3.49,0.044,0.0,540,6.269,1.044,193,11,2,547,7,0,0.015,36,"one-hour steps, fixes off (as delivered)"
syn2_t98w4_wl3p759,train,3.7575,slow,12.0,98,w,4,6,2055,3.7593,3.2963,0.463,9,35.43,48.56,12.08,25.39,0.535,0.196,551,6.341,1.092,190,13,3,560,9,0,0.015,30,"one-hour steps, fixes off (as delivered)"
syn2_t502w24_wl3p827,train,3.825,fast,2.0,502,w,24,26,2096,3.8273,3.4803,0.347,9,12.49,53.49,2.05,11.36,0.193,0.0,565,6.409,1.113,186,13,7,574,9,0,0.015,21,"one-hour steps, fixes off (as delivered)"
syn2_t494w17_wl3p890,train,3.8925,slow,12.0,494,w,17,19,2097,3.8902,3.381,-0.08,11,32.09,54.28,12.6,26.12,0.538,0.246,586,6.471,1.152,190,12,4,594,8,0,0.015,22,"one-hour steps, fixes off (as delivered)"
syn2_t445w4_wl3p963,train,3.96,fast,2.0,445,w,4,6,2075,3.9632,2.9332,1.03,9,22.37,42.8,2.42,22.37,0.354,0.0,607,6.545,1.201,190,11,5,615,8,0,0.015,16,"one-hour steps, fixes off (as delivered)"
syn2_t574w1_wl4p027,train,4.0275,slow,12.0,574,w,1,3,2028,4.0265,3.7783,-0.236,8,31.64,65.96,11.97,25.47,0.508,0.192,614,6.608,1.255,183,17,6,625,11,0,0.015,19,"one-hour steps, fixes off (as delivered)"
syn2_t162w13_wl4p105,train,4.095,fast,2.0,162,w,13,15,2077,4.1053,3.3653,0.74,10,20.55,59.97,2.42,13.96,0.383,0.0,632,6.687,1.262,184,13,9,641,9,0,0.015,15,"one-hour steps, fixes off (as delivered)"
syn2_t982w10_wl4p153,train,4.1625,slow,12.0,982,w,10,12,2067,4.153,3.8703,-0.119,11,26.62,56.27,11.91,25.62,0.558,0.183,638,6.734,1.291,183,17,6,649,11,0,0.015,13,"one-hour steps, fixes off (as delivered)"
syn2_t13w19_wl4p230,train,4.23,fast,2.0,13,w,19,21,2097,4.23,3.619,0.611,9,30.11,52.41,2.98,24.65,0.478,0.148,663,6.811,1.334,183,17,6,674,11,0,0.015,9,"one-hour steps, fixes off (as delivered)"
syn2_t874w0_wl4p297,train,4.2975,slow,12.0,874,w,0,2,2020,4.2973,3.3833,0.9137,9,34.79,48.23,12.29,27.77,0.568,0.178,679,6.879,1.373,183,17,6,690,11,0,0.015,11,"one-hour steps, fixes off (as delivered)"
syn2_t433w18_wl4p363,train,4.365,fast,2.0,433,w,18,20,2086,4.3628,3.6258,0.737,9,26.41,52.83,2.62,24.38,0.394,0.13,685,6.944,1.429,183,17,6,697,12,0,0.015,10,"one-hour steps, fixes off (as delivered)"
syn2_t459w5_wl4p437,train,4.4325,slow,12.0,459,w,5,7,2068,4.4373,3.5833,0.854,9,50.75,54.81,11.87,50.75,0.553,0.244,700,7.019,1.47,181,17,8,715,15,0,0.03,18,"one-hour steps, fixes off (as delivered)"
syn2_t117w7_wl4p508,train,4.5,fast,2.0,117,w,7,9,2071,4.5083,4.0743,0.434,9,15.58,62.87,2.63,12.28,0.276,0.0,707,7.09,1.537,179,17,10,731,24,0,0.03,9,"one-hour steps, fixes off (as delivered)"
syn2_t66w12_wl4p572,train,4.5675,slow,12.0,66,w,12,14,2079,4.5723,4.1193,0.453,9,37.25,65.11,12.72,27.16,0.571,0.198,713,7.154,1.591,177,18,11,744,31,0,0.03,13,"one-hour steps, fixes off (as delivered)"
syn2_t449w6_wl2p103,test,2.1038,between,4.0,449,w,6,8,2062,2.1033,1.7653,0.338,9,14.65,22.2,3.77,14.65,0.408,0.0,142,4.685,0.422,197,9,0,144,2,0,0.015,200,"one-hour steps, fixes off (as delivered)"
syn2_t580w24_wl2p439,test,2.4413,between,8.0,580,w,24,26,2099,2.4392,2.0962,0.343,9,12.66,26.9,10.65,12.66,0.516,0.0,215,5.02,0.544,196,10,0,217,2,0,0.015,200,"one-hour steps, fixes off (as delivered)"
syn2_t934c34_wl2p777,test,2.7788,between,4.0,934,c,34,36,2091,2.7771,2.2122,0.22,11,20.73,47.62,3.96,15.38,0.373,0.0,306,5.358,0.624,196,9,1,311,5,0,0.015,200,"one-hour steps, fixes off (as delivered)"
syn2_t270w17_wl3p116,test,3.1162,between,8.0,270,w,17,19,2098,3.1156,3.0517,-0.691,11,18.95,45.01,9.26,13.62,0.511,0.0,403,5.697,0.753,194,10,2,410,7,0,0.015,79,"one-hour steps, fixes off (as delivered)"
syn2_t33w13_wl3p458,test,3.4538,between,4.0,33,w,13,15,2085,3.458,2.988,0.199,11,20.06,43.04,4.02,14.51,0.449,0.0,481,6.039,0.924,193,11,2,488,7,0,0.015,52,"one-hour steps, fixes off (as delivered)"
syn2_t857w1_wl3p800,test,3.7913,between,8.0,857,w,1,3,2038,3.8005,3.5795,0.221,9,34.7,54.29,6.68,28.48,0.607,0.197,557,6.382,1.105,186,13,7,566,9,0,0.015,35,"one-hour steps, fixes off (as delivered)"
syn2_t116w1_wl4p130,test,4.1288,between,4.0,116,w,1,3,2038,4.1297,3.9175,-0.707,8,36.53,67.64,4.06,36.53,0.494,0.184,635,6.711,1.272,183,17,6,646,11,0,0.015,11,"one-hour steps, fixes off (as delivered)"
syn2_t198w16_wl4p722,test,4.75,between,8.0,198,w,16,18,2095,4.7216,4.0506,0.671,9,39.3,67.39,6.72,28.14,0.563,0.278,735,7.303,1.721,179,17,10,767,32,0,0.03,8,"one-hour steps, fixes off (as delivered)"
