scenario,wet_nodes,ks_stat,ks_p,sigma_ratio,direct_mean_legacy,direct_mean_jesse,mean_legacy,sigma_legacy,p50_legacy,p90_legacy,p99_legacy,min_legacy,max_legacy,mean_jesse,sigma_jesse,p50_jesse,p90_jesse,p99_jesse,min_jesse,max_jesse,crash_frac_1000_legacy,crash_frac_1000_jesse,crash_frac_1200_legacy,crash_frac_1200_jesse,crash_frac_1500_legacy,crash_frac_1500_jesse
nyc_syn_ts_173_2_0p8859,108.0,0.008,0.9999999999999962,1.0094672653610932,57.977,57.977,126.699,43.825804043965924,118.0,191.10000000000002,241.01,61.0,248.0,127.304,44.240714560513425,118.0,192.0,242.0,61.0,291.0,0.0,0.0,0.0,0.0,0.0,0.0
nyc_syn_ts_810_14_1p1460,108.0,0.008,0.9999999999999962,1.0094885607787907,57.935,57.935,126.605,43.844512955628964,118.0,191.10000000000002,241.01,61.0,248.0,127.21,44.26053428162492,118.0,192.0,242.0,61.0,291.0,0.0,0.0,0.0,0.0,0.0,0.0
nyc_syn_ts_662_3_0p9973,108.0,0.008,0.9999999999999962,1.012409307285671,56.658,56.658,121.168,40.72962900246795,115.0,180.10000000000002,238.01999999999998,55.0,247.0,121.773,41.235055484390955,115.0,182.0,240.0,55.0,289.0,0.0,0.0,0.0,0.0,0.0,0.0
nyc_syn_ts_192_7_1p0240,126.0,0.007,0.9999999999999997,1.0095324925493703,69.391,69.388,182.278,54.448796014121264,179.0,252.0,282.03,74.0,306.0,182.792,54.96782875644806,180.0,253.0,290.0,74.0,313.0,0.0,0.0,0.0,0.0,0.0,0.0
nyc_syn_ts_570_2_1p5351,142.0,0.02,0.9883339509983219,0.9936770995817753,82.345,82.296,268.363,54.02004624578172,287.0,319.0,362.01,104.0,378.0,266.684,53.67848287278175,285.0,316.0,363.0,104.0,407.0,0.0,0.0,0.0,0.0,0.0,0.0
nyc_syn_ts_708_13_1p1567,149.0,0.041,0.37012017606173,0.992606306939024,89.178,89.077,302.846,49.33049545445273,312.0,361.0,384.03,113.0,453.0,300.148,48.965760912516636,311.0,359.0,380.01,113.0,453.0,0.0,0.0,0.0,0.0,0.0,0.0
nyc_syn_ts_914_6_1p2955,155.0,0.047,0.21939649929677082,0.9968081001755734,91.344,91.222,313.261,62.92906280841902,317.0,367.0,397.02,149.0,1601.0,310.053,62.728199543889495,315.0,365.0,392.06999999999994,149.0,1601.0,0.001,0.001,0.001,0.001,0.001,0.001
nyc_syn_ts_321_19_1p7614,186.0,0.058,0.06917625399020766,1.0021962815570167,108.364,108.036,575.648,462.24743892291144,382.0,1606.2,1687.02,232.0,1714.0,570.495,463.26266444779606,380.0,1603.0,1684.02,190.0,1715.0,0.162,0.162,0.162,0.162,0.162,0.162
nyc_syn_ts_463_29_1p6644,190.0,0.058,0.06917625399020766,1.0024265214255894,109.817,109.464,609.197,486.6308681051715,386.0,1616.0,1689.05,232.0,1715.0,604.063,487.8116883329819,383.0,1612.0,1687.02,190.0,1733.0,0.186,0.186,0.186,0.186,0.186,0.186
nyc_syn_ts_436_11_1p3524,200.0,0.064,0.033253124816560224,1.0045291793908957,126.807,126.164,935.048,604.9786284132992,470.0,1680.0,1731.01,249.0,1783.0,927.689,607.7186851490411,459.0,1676.0,1731.01,207.0,1767.0,0.415,0.415,0.415,0.415,0.415,0.415
nyc_syn_ts_156_15_1p066,242.0,0.079,0.0038826726503625613,1.02517190364381,162.018,160.428,1434.896,507.07417939331856,1700.0,1774.1,1826.06,383.0,1853.0,1441.277,519.8382017772713,1688.0,1779.1,2049.01,381.0,2132.0,0.757,0.757,0.757,0.757,0.757,0.757
nyc_syn_ts_831_27_1p9452,266.0,0.126,2.461977466455732e-07,1.0281459105736863,174.38,172.367,1545.688,441.97607798331063,1736.0,1803.0,1852.01,456.0,1885.0,1545.435,454.4158971499375,1719.0,1798.1,2077.01,440.0,2133.0,0.824,0.824,0.824,0.824,0.824,0.824
nyc_syn_ts_192_15_2p5752,311.0,0.226,8.66144540069212e-23,1.050566103377911,209.632,206.51,1715.881,304.71685743030724,1801.0,1856.0,1897.0,500.0,1922.0,1707.191,320.12520154412033,1774.0,1848.0,2120.0299999999997,497.0,2161.0,0.921,0.921,0.921,0.921,0.921,0.921
nyc_syn_ts_880_9_2p6632,393.0,0.268,5.493946128318164e-32,1.0628402259464247,276.462,270.847,1974.234,189.07810495605716,1959.5,2147.1,2215.02,822.0,2258.0,1932.722,200.9598157930176,1964.5,2083.0,2342.02,703.0,2397.0,0.992,0.981,0.978,0.979,0.978,0.978
nyc_syn_ts_514_13_2p7829,430.0,0.424,5.526786377018912e-81,1.8773774066473907,315.979,308.992,2091.781,152.64810671437587,2140.0,2219.0,2281.01,915.0,2314.0,2095.042,286.57810671306913,2045.0,2367.2,2987.01,816.0,3055.0,0.997,0.996,0.993,0.991,0.987,0.988
nyc_syn_ts_258_9_3p0022,457.0,0.551,7.621910611832312e-140,2.2222780550401517,352.514,344.328,2176.775,126.3986352378458,2206.5,2277.0,2340.02,978.0,2366.0,2156.51,280.89291327608953,2079.0,2408.3,3022.0299999999997,944.0,3091.0,0.999,0.999,0.998,0.993,0.993,0.993
nyc_syn_ts_999_12_3p44,480.0,0.508,7.758325610986461e-118,3.5695855254461377,372.09,363.25,2218.134,122.03514502232798,2243.0,2314.0,2373.01,1026.0,2398.0,2280.389,435.61488726742226,2114.0,3012.2,3684.0199999999954,1042.0,4260.0,1.0,1.0,0.998,0.993,0.994,0.993
nyc_syn_ts_914_26_3p4047,526.0,0.593,1.4468724221520383e-163,5.087826420206344,418.951,408.177,2314.143,88.35569749755972,2322.5,2395.1,2459.04,1316.0,2510.0,2362.83,449.5384521038439,2172.0,3089.3,4234.02,1082.0,4342.0,1.0,1.0,1.0,0.998,0.999,0.996
nyc_syn_ts_808_27_3p7885,547.0,0.617,3.5958244973296406e-178,5.756811439952207,443.817,431.876,2362.598,78.43300409988217,2368.0,2441.0,2498.0,1469.0,2548.0,2414.413,451.52401527202,2204.0,3150.0,4217.19,1268.0,4295.0,1.0,1.0,1.0,1.0,0.999,0.997
nyc_syn_ts_605_5_3p7563,703.0,0.406,4.4017018933952624e-74,5.095949839186155,611.536,594.772,2552.197,101.15269674635007,2544.0,2600.0,3262.1,2373.0,3349.0,2761.166,515.4690687178086,2480.0,3499.1,4404.0,2221.0,4916.0,1.0,1.0,1.0,1.0,1.0,1.0
nyc_geoclaw_2026,,0.34,1.2831248062176252e-51,1.1040777859627733,206.596,198.67,1970.646,120.40386943855158,1980.5,2066.0,2157.01,651.0,2207.0,1927.372,132.93523759106685,1936.0,2004.0,2135.02,626.0,2822.0,0.994,0.993,0.993,0.993,0.993,0.993
nyc_geoclaw_2050,,0.637,5.891282272920167e-191,4.688626922003699,295.516,284.466,2185.557,62.258693335918124,2191.0,2251.0,2293.01,1238.0,2334.0,2170.099,291.90778570355803,2069.0,2826.4,3064.05,960.0,3779.0,1.0,0.999,1.0,0.999,0.999,0.999
nyc_geoclaw_2080,,0.489,8.261606911209574e-109,3.446892807060116,415.969,399.961,2509.069,99.27114888022602,2535.0,2612.1,2689.0299999999997,2257.0,2739.0,2486.949,342.17700902384496,2396.5,3128.3,3385.01,2090.0,4912.0,1.0,1.0,1.0,1.0,1.0,1.0
