node_id,infra_type,lon,lat,flood_depth_m,flooded
power_tap140970,power,-74.09750290399995,40.73830605200004,0.0,False
power_tap135491,power,-73.70860180499994,40.66288109200008,0.0,False
power_tap135492,power,-73.73301801399998,40.63748275700004,0.0,False
power_tap135493,power,-73.70226896199995,40.661025417000076,0.0,False
power_unknown162554,power,-74.174971,40.747978,0.0,False
power_bergen,power,-74.01649311099999,40.83407160300004,0.0,False
power_unknown132952,power,-74.02435545699996,40.84029657200006,0.0,False
power_unknown132953,power,-74.02173804899996,40.838402521000035,0.0,False
power_maywood,power,-74.07060671299996,40.899205703000064,0.0,False
power_leonia,power,-73.99161138299996,40.86801394300005,0.0,False
power_kingsland,power,-74.11705482599996,40.79192197000003,0.0,False
power_hvdc_b2b_station_hudson,power,-74.01256685399994,40.83206273600007,0.0,False
power_saddle_brook,power,-74.10110853499998,40.88904804800006,0.0,False
power_essex,power,-74.12238833199996,40.73719609700004,0.0,False
power_newark_switching_station,power,-74.17774994299998,40.73306494500008,0.0,False
power_federal_square,power,-74.17461385499996,40.72657715300005,0.0,False
power_marion_drive,power,-74.25828308399997,40.79196184400007,0.0,False
power_west_orange,power,-74.25714855399997,40.789943436000044,0.0,False
power_cedar_grove,power,-74.22146601899993,40.868371171000035,0.0,False
power_cook_road,power,-74.17834096999997,40.811783035000076,0.0,False
power_belleville,power,-74.14209357599998,40.802789447000066,0.0,False
power_unknown132357,power,-74.05517502999999,40.76339734900006,0.0,False
power_unknown132362,power,-74.03591189399998,40.78877955300004,0.0,False
power_marion,power,-74.06991519499996,40.746442699000056,0.0,False
power_unknown132951,power,-74.07259208799996,40.744493920000025,0.0,False
power_bayonne_switching_station,power,-74.10552327799996,40.69421755900004,0.0,False
power_turnpike,power,-74.11706678299998,40.760707972000034,0.0,False
power_unknown140971,power,-74.0544115,40.716165353000065,0.0,False
power_kearny,power,-74.09857466899996,40.73798009400008,0.0,False
power_njt_meadowlands_rail_substaion,power,-74.10268233999994,40.74554979900006,0.0,False
power_penhorn,power,-74.07331117099994,40.74929736200005,0.0,False
power_homestead,power,-74.04219029399997,40.77888959500007,0.0,False
power_north_bergen,power,-74.02561339299996,40.804200396000056,0.0,False
power_sewaren,power,-74.24800582099994,40.55687262500004,0.0,False
power_unknown140874,power,-74.25205153999997,40.56089380900005,0.0,False
power_minue_street,power,-74.23794251399994,40.59098004600003,0.0,False
power_athenia_switching_station,power,-74.15828803799997,40.86128930500007,0.0,False
power_clifton,power,-74.16475763199998,40.855766078000045,0.0,False
power_jackson_road,power,-74.24507554299998,40.906777153000064,0.0,False
power_unknown132603,power,-74.21207955899996,40.63412187000006,0.0,False
power_linden,power,-74.21129433699997,40.62404604200003,0.0,False
power_unknown132611,power,-74.21054552199996,40.621478710000076,0.0,False
power_unknown132612,power,-74.20801377599997,40.62106944300007,0.0,False
power_unknown133139,power,-74.21448144899995,40.63038990300004,0.0,False
power_bayway,power,-74.20594870199994,40.64459528500004,0.0,False
power_unknown133141,power,-74.23396868699996,40.641659952000055,0.0,False
power_doremus_place,power,-74.22286357199994,40.69680505300005,0.0,False
power_stanley_terrace,power,-74.26629677599993,40.71243775000005,0.0,False
power_north_avenue,power,-74.17423443799998,40.66920176100007,0.0,False
power_bruckner,power,-73.91108504199997,40.799070468000025,0.0,False
power_tremont,power,-73.86333756199997,40.84268252100003,0.0,False
power_brownsville,power,-73.89868889499996,40.66966294100007,0.0,False
power_bensonhurst,power,-73.97592908599995,40.621569614000066,0.0,False
power_east_64th_street,power,-73.91757725199994,40.619743665000044,0.0,False
power_avenue_n,power,-73.93035980899998,40.618498128000056,0.0,False
power_mill_avenue,power,-73.91334016499997,40.61453716800003,0.0,False
power_east_83rd_street,power,-73.90238141699996,40.62886795000003,0.0,False
power_livonia_avenue,power,-73.88909820299995,40.66573080100005,0.0,False
power_gowanus,power,-74.00302030199998,40.66195172600004,0.0,False
power_hudson_avenue,power,-73.98173628399996,40.703808553000044,0.0,False
power_farragut,power,-73.98451119499998,40.705098649000035,0.0,False
power_water_street,power,-73.98188321199996,40.70337027200003,0.0,False
power_unknown129540,power,-73.73088715899996,40.61906673300007,0.0,False
power_unknown129559,power,-73.70274335899995,40.75377599900003,0.0,False
power_great_neck,power,-73.72056851299999,40.78875025900004,0.0,False
power_lake_success,power,-73.70145527799997,40.753226734000066,0.0,False
power_hewlett,power,-73.70603180099994,40.63703514600007,0.0,False
power_central_avenue,power,-73.70971227199993,40.67709715500007,0.0,False
power_woodmere,power,-73.73267035099997,40.636996819000046,0.0,False
power_east_13th_street,power,-73.97462188199995,40.727543886000035,0.8,True
power_parkview,power,-73.93655630999996,40.80774606600005,0.0,False
power_leonard_street,power,-74.00649935899997,40.71840475600004,0.0,False
power_west_65th_street,power,-73.98808829599994,40.775838014000044,0.0,False
power_east_36th_street,power,-73.97133635199998,40.74494702900006,0.0,False
power_west_19th_street,power,-73.99733189899996,40.74123928000006,0.0,False
power_east_63rd_street,power,-73.96098641199995,40.76289096800008,0.0,False
power_unknown141001,power,-73.98923462099998,40.76869228600003,0.0,False
power_east_75th_street,power,-73.95045861499995,40.76843606500006,0.0,False
power_west_49th_street,power,-73.99588389499996,40.76600293900003,0.0,False
power_cherry_street,power,-73.99068594499994,40.71136985000004,0.0,False
power_unknown124169,power,-73.89809361399995,40.78178567900005,0.0,False
power_west_astoria,power,-73.9093126,40.78769285900006,0.0,False
power_east_astoria,power,-73.90340388199996,40.783834496000054,0.0,False
power_unknown129913,power,-73.75004533299995,40.668090101000075,0.0,False
power_north_queens,power,-73.90642003799996,40.78203031100003,0.0,False
power_fresh_meadows,power,-73.79658075499998,40.73931470700006,0.0,False
power_bayside,power,-73.77080116899998,40.75970038500003,0.0,False
power_chisholm,power,-73.85090958099994,40.784206665000056,0.6,True
power_causeway,power,-73.84184222099998,40.77887284800005,0.0,False
power_whitestone,power,-73.81209837099993,40.78876935900007,0.0,False
power_auburndale,power,-73.79932326499994,40.77652888400007,0.0,False
power_beechhurst,power,-73.79532694999995,40.785512578000066,0.0,False
power_clearview,power,-73.78057743599999,40.777060669000036,0.0,False
power_flushing,power,-73.83610450799995,40.764320256000076,0.0,False
power_douglaston,power,-73.74229738699995,40.76524206500005,0.0,False
power_oakland,power,-73.76205682599993,40.747900755000046,0.0,False
power_alley_park,power,-73.76148466399997,40.74372325400003,0.0,False
power_north_hills,power,-73.73738487499998,40.74865482600006,0.0,False
power_parkway,power,-73.72755649799996,40.74031520200003,0.0,False
power_glen_oaks,power,-73.71718520399997,40.74386873000003,0.0,False
power_floral_park,power,-73.70695172499995,40.737337826000044,0.0,False
power_hillcrest,power,-73.80440516099998,40.72426097700003,0.6,True
power_cunningham,power,-73.78404694899996,40.72795676100003,0.0,False
power_union,power,-73.75846060699996,40.73350680400006,0.0,False
power_hollis,power,-73.75487909599997,40.713359215000025,0.0,False
power_far_rockaway,power,-73.76011309899997,40.61045706300007,0.0,False
power_rockaway_beach,power,-73.83380485699996,40.58274806600008,0.0,False
power_long_island_railroad,power,-73.84453460099996,40.68909328900003,0.0,False
power_creedmoor,power,-73.72519343799996,40.73404071300007,0.0,False
power_unknown135514,power,-73.76570909299994,40.71058760200003,0.0,False
power_151st_avenue,power,-73.85505536899996,40.66686019200006,0.0,False
power_160th_avenue,power,-73.84759834799996,40.65659015600005,0.2,True
power_woodhaven,power,-73.84395695999996,40.689826194000034,0.2,True
power_howard_beach,power,-73.84001439099995,40.66286118900007,0.0,False
power_centerville,power,-73.83642520299998,40.67459511700008,0.0,False
power_unknown135522,power,-73.82521607299998,40.69500002800004,0.0,False
power_aqueduct,power,-73.82035326299996,40.670203180000044,0.0,False
power_lefferts,power,-73.81911655399995,40.67657204400007,0.0,False
power_sutphin,power,-73.79546982299996,40.68902310500005,0.0,False
power_unknown135527,power,-73.79062059499995,40.67585695200006,0.0,False
power_brinkerhoff,power,-73.78800703699994,40.69466081100006,0.2,True
power_cedar_manor,power,-73.78515470699995,40.68897023300008,0.0,False
power_springfield,power,-73.76087761599996,40.67900468400006,0.0,False
power_146th_avenue,power,-73.75463202699996,40.65992496400003,0.0,False
power_montefiore,power,-73.75084527599995,40.683850120000045,0.0,False
power_cambria,power,-73.74675333899995,40.696533689000034,0.0,False
power_rosedale,power,-73.73679466599998,40.66798714000004,0.0,False
power_253rd_place,power,-73.73522798199997,40.65670489400003,0.0,False
power_unknown135536,power,-73.81715392199999,40.69838493800006,0.0,False
power_newtown,power,-73.93154857899998,40.74298485400004,0.0,False
power_rainey,power,-73.94302610599993,40.76322512000007,0.0,False
power_vernon,power,-73.94692999499995,40.75813570300005,0.2,True
power_queensbridge,power,-73.93823054699999,40.75629073600004,0.2,True
power_unknown129920,power,-74.19618602299994,40.61701633800004,0.0,False
power_fresh_kills,power,-74.19719853899994,40.58921724800007,0.0,False
power_willowbrook,power,-74.14562504499997,40.610779524000066,0.0,False
power_woodrow,power,-74.21525795499997,40.554765426000074,0.0,False
power_unknown140881,power,-74.15236306299994,40.62581116900003,0.0,False
power_westerleigh,power,-74.13125164499996,40.62794496400005,0.0,False
power_odin,power,-74.12058159099996,40.575830102000054,0.0,False
power_clove_lakes,power,-74.11751275699999,40.61374503300004,0.0,False
power_naughton,power,-74.09449117699995,40.58481175800006,0.0,False
power_silver_lake,power,-74.08645758799997,40.63214491100007,0.0,False
power_dongan_hills,power,-74.08524993599997,40.58883570900008,0.0,False
power_seaside,power,-74.08242265399997,40.582018506000054,0.0,False
power_wadsworth,power,-74.06649522199996,40.60552066300005,0.6,True
power_howland_hook,power,-74.18220741199997,40.641255252000065,0.0,False
power_port_richmond,power,-74.13038874499995,40.638959003000025,0.0,False
power_unknown140894,power,-74.10930363399996,40.64485272100006,0.0,False
power_new_brighton_substation,power,-74.09311898599998,40.64513311300004,0.0,False
power_cedar_street,power,-73.78033732199998,40.91505478600004,0.0,False
power_foundry_street,power,-74.13288060099995,40.72922314500005,0.0,False
power_central_ave,power,-74.19967038299995,40.751187869000034,0.0,False
power_irvington,power,-74.22762500499994,40.72638555800006,0.0,False
power_unknown132353,power,-74.11036363999995,40.744829682000045,0.0,False
power_harrison,power,-74.15427588799997,40.74505057400006,0.0,False
power_unknown132602,power,-74.13097084799995,40.72035016400008,0.0,False
power_unknown132351,power,-74.11857729799993,40.744940729000064,0.0,False
power_port_street,power,-74.14636916999996,40.70354995100007,0.0,False
power_clay_street,power,-74.16684087999994,40.75047212700008,0.0,False
power_unknown132349,power,-74.12109645899994,40.74333567200006,0.0,False
power_ironbound,power,-74.16118207499994,40.72202048500003,0.0,False
power_mott_haven,power,-73.90622089899995,40.80801790500004,0.0,False
power_unknown133197,power,-74.04820094399997,40.73274141200005,0.0,False
power_waverly,power,-74.19843169799998,40.69027374800004,0.0,False
power_plank_road,power,-74.13260101399999,40.73400586200006,0.0,False
power_norfolk_street,power,-74.18655550799997,40.73813343200004,0.0,False
power_miller_st,power,-74.18213466799995,40.71919224900006,0.0,False
power_unknown132358,power,-74.04386991199993,40.771849822000036,0.0,False
power_unknown124209,power,-73.99955078499994,40.66275654100008,0.0,False
power_unknown132401,power,-74.16940175299999,40.82691286200003,0.0,False
power_unknown132408,power,-74.19938662499999,40.86311309800004,0.0,False
power_unknown132361,power,-74.04198165499997,40.74094165300005,0.0,False
power_unknown132981,power,-74.24891516699995,40.56590814700007,0.0,False
power_unknown140876,power,-74.22690865899995,40.612275873000044,0.0,False
power_unknown132599,power,-74.12548480499999,40.737699908000025,0.0,False
power_unknown133201,power,-74.12778544099996,40.70783866000005,0.0,False
power_15th_street,power,-74.19989048299993,40.75338292200007,0.0,False
power_unknown132359,power,-74.04335429399998,40.735845495000035,0.0,False
power_unknown135542,power,-74.04151210299995,40.76953691400007,0.0,False
power_unknown133153,power,-74.22927134199995,40.88285396600003,0.0,False
power_unknown162553,power,-74.121098,40.735967,0.0,False
power_nineteenth_avenue,power,-74.20969274099997,40.731037453000056,0.0,False
power_unknown132974,power,-74.03017086999995,40.757203023000045,0.0,False
power_unknown162556,power,-73.995605,40.795907,0.0,False
power_tap161815,power,-74.20027628399998,40.64420458700005,0.0,False
power_tap162555,power,-74.17517935999996,40.74702875400004,0.0,False
power_hell_gate,power,-73.90995204199999,40.79911681400006,0.0,False
power_parkchester,power,-73.86337019799998,40.84205489200008,0.0,False
power_east_179th_street,power,-73.89331408099997,40.84944851700004,0.0,False
power_plymouth,power,-73.98342897899994,40.70398658700003,0.0,False
power_greenwood,power,-73.99378148299996,40.65929113200008,0.0,False
power_unknown135537,power,-73.70323095299995,40.63835366500007,0.0,False
power_cedarhurst,power,-73.72904783499996,40.62027546500008,0.0,False
power_unknown135513,power,-73.72299482899996,40.72042206300006,0.0,False
power_academy,power,-73.91914228899998,40.860020087000066,0.0,False
power_corona,power,-73.86219631999995,40.74021072000005,0.0,False
power_unknown135505,power,-73.77091992899994,40.67903710400003,0.0,False
power_jamaica,power,-73.81390751099997,40.69918522000006,0.0,False
power_unknown135518,power,-73.84446335399997,40.68885938400007,0.0,False
power_arverne,power,-73.78324020999997,40.59251137900003,0.8,True
power_rockaway,power,-73.80543790399997,40.67532842900005,0.0,False
power_fox_hill,power,-74.07758698699996,40.610444150000035,0.0,False
