run_id,seed,n_bus_flood_failed,bus_flood_failed,n_line_flood_failed,line_flood_failed,n_island_pass1,n_overload_iterations,max_iterations_reached,n_lines_overload_tripped,overload_tripped_lines,n_island_overload_loop,solver_sequence,used_dc_fallback,converged_overall,solver_final,reason_final,n_bus_oos_final,n_line_oos_final,n_trafo_oos_final,final_bus_oos,final_line_oos_idx,final_trafo_oos_idx
0,42,0,,2,1218;1912,0,1,False,0,,0,AC,False,True,AC,,0,2,0,,1218;1912,
1,43,1,FARRAGUT,3,87;1216;1906,0,1,False,0,,0,AC,False,True,AC,,1,4,2,FARRAGUT,87;1216;1905;1906,86;87
2,44,0,,2,1216;1903,0,1,False,0,,0,AC,False,True,AC,,0,2,0,,1216;1903,
3,45,0,,4,1278;1283;1284;1904,0,1,False,0,,0,AC,False,True,AC,,0,4,0,,1278;1283;1284;1904,
4,46,1,FARRAGUT,4,1194;1217;1903;1913,0,1,False,0,,0,AC,False,True,AC,,1,6,2,FARRAGUT,1194;1217;1903;1905;1906;1913,86;87
5,47,0,,2,88;1284,0,1,False,0,,0,AC,False,True,AC,,0,2,0,,88;1284,
6,48,0,,2,1189;1283,0,1,False,0,,0,AC,False,True,AC,,0,2,0,,1189;1283,
7,49,0,,4,204;1217;1278;1903,0,1,False,0,,0,AC,False,True,AC,,0,4,0,,204;1217;1278;1903,
8,50,0,,3,1114;1219;1904,0,1,False,0,,0,AC,False,True,AC,,0,3,0,,1114;1219;1904,
9,51,0,,1,1904,0,1,False,0,,0,AC,False,True,AC,,0,1,0,,1904,
10,52,0,,4,88;1148;1216;1278,0,1,False,0,,0,AC,False,True,AC,,0,4,0,,88;1148;1216;1278,
11,53,1,FARRAGUT,3,1219;1284;1903,0,2,False,2,1215;1283,2,DC;DC,True,True,DC,,3,11,2,HUDSON AVENUE;FARRAGUT;FARRAGUT,1215;1219;1283;1284;1901;1902;1903;1904;1905;1906;1907,86;87
12,54,0,,2,87;1904,0,1,False,0,,0,AC,False,True,AC,,0,2,0,,87;1904,
13,55,0,,4,1149;1193;1903;1904,0,1,False,0,,0,AC,False,True,AC,,0,4,0,,1149;1193;1903;1904,
14,56,1,FARRAGUT,2,1188;1194,0,1,False,0,,0,AC,False,True,AC,,1,4,2,FARRAGUT,1188;1194;1905;1906,86;87
15,57,0,,1,1217,0,1,False,0,,0,AC,False,True,AC,,0,1,0,,1217,
16,58,0,,2,1284;1913,0,1,False,0,,0,AC,False,True,AC,,0,2,0,,1284;1913,
17,59,0,,4,1114;1216;1284;1907,0,1,False,0,,0,AC,False,True,AC,,0,4,0,,1114;1216;1284;1907,
18,60,1,FARRAGUT,3,87;1189;1903,0,1,False,0,,0,AC,False,True,AC,,1,5,2,FARRAGUT,87;1189;1903;1905;1906,86;87
19,61,0,,4,1217;1219;1278;1913,0,1,False,0,,0,AC,False,True,AC,,0,4,0,,1217;1219;1278;1913,
20,62,0,,2,1189;1904,0,1,False,0,,0,AC,False,True,AC,,0,2,0,,1189;1904,
21,63,0,,2,1218;1906,0,1,False,0,,0,AC,False,True,AC,,0,2,0,,1218;1906,
22,64,0,,6,87;1150;1194;1904;1906;1912,0,1,False,0,,0,AC,False,True,AC,,0,6,0,,87;1150;1194;1904;1906;1912,
23,65,1,FARRAGUT,4,1148;1150;1189;1912,2,2,False,2,1215;1913,0,DC;DC,True,True,DC,,3,11,4,GOWANUS;FARRAGUT;GOWANUS,1148;1150;1189;1215;1901;1902;1903;1904;1907;1912;1913,82;83;86;87
24,66,0,,1,87,0,1,False,0,,0,AC,False,True,AC,,0,1,0,,87,
25,67,0,,2,1149;1189,0,1,False,0,,0,AC,False,True,AC,,0,2,0,,1149;1189,
26,68,0,,3,1216;1284;1906,0,1,False,0,,0,AC,False,True,AC,,0,3,0,,1216;1284;1906,
27,69,0,,4,1149;1206;1278;1283,0,1,False,0,,0,AC,False,True,AC,,0,4,0,,1149;1206;1278;1283,
28,70,0,,5,1148;1188;1194;1219;1278,0,1,False,0,,0,AC,False,True,AC,,0,5,0,,1148;1188;1194;1219;1278,
29,71,0,,2,204;1150,0,1,False,0,,0,AC,False,True,AC,,0,2,0,,204;1150,
30,72,1,FARRAGUT,3,1148;1284;1905,0,1,False,0,,0,AC,False,True,AC,,1,4,2,FARRAGUT,1148;1284;1905;1906,86;87
31,73,0,,5,204;1188;1284;1904;1907,0,1,False,0,,0,AC,False,True,AC,,0,5,0,,204;1188;1284;1904;1907,
32,74,0,,3,1114;1216;1219,0,1,False,0,,0,AC,False,True,AC,,0,3,0,,1114;1216;1219,
33,75,0,,2,1150;1193,0,1,False,0,,0,AC,False,True,AC,,0,2,0,,1150;1193,
34,76,0,,4,203;1189;1216;1217,0,1,False,0,,0,AC,False,True,AC,,0,4,0,,203;1189;1216;1217,
35,77,0,,3,1148;1907;1913,0,1,False,0,,0,AC,False,True,AC,,0,3,0,,1148;1907;1913,
36,78,0,,0,,0,1,False,0,,0,AC,False,True,AC,,0,0,0,,,
37,79,1,FARRAGUT,5,88;1194;1216;1284;1905,0,1,False,0,,0,AC,False,True,AC,,1,6,2,FARRAGUT,88;1194;1216;1284;1905;1906,86;87
38,80,1,FARRAGUT,2,87;1904,0,1,False,0,,0,AC,False,True,AC,,1,4,2,FARRAGUT,87;1904;1905;1906,86;87
39,81,0,,3,1150;1906;1912,0,1,False,0,,0,AC,False,True,AC,,0,3,0,,1150;1906;1912,
40,82,0,,0,,0,1,False,0,,0,AC,False,True,AC,,0,0,0,,,
41,83,1,FARRAGUT,1,1904,0,1,False,0,,0,AC,False,True,AC,,1,3,2,FARRAGUT,1904;1905;1906,86;87
42,84,0,,0,,0,1,False,0,,0,AC,False,True,AC,,0,0,0,,,
43,85,1,FARRAGUT,2,1218;1913,0,2,False,2,1215;1912,0,DC;DC,True,True,DC,,1,9,2,FARRAGUT,1215;1218;1901;1902;1903;1904;1907;1912;1913,86;87
44,86,0,,0,,0,1,False,0,,0,AC,False,True,AC,,0,0,0,,,
45,87,0,,4,1189;1193;1219;1283,0,1,False,0,,0,AC,False,True,AC,,0,4,0,,1189;1193;1219;1283,
46,88,0,,2,1150;1903,0,1,False,0,,0,AC,False,True,AC,,0,2,0,,1150;1903,
47,89,0,,1,88,0,1,False,0,,0,AC,False,True,AC,,0,1,0,,88,
48,90,0,,4,1150;1218;1907;1913,0,1,False,0,,0,AC,False,True,AC,,0,4,0,,1150;1218;1907;1913,
49,91,0,,1,1218,0,1,False,0,,0,AC,False,True,AC,,0,1,0,,1218,
50,92,1,FARRAGUT,5,203;1114;1148;1150;1218,0,1,False,0,,0,AC,False,True,AC,,1,7,2,FARRAGUT,203;1114;1148;1150;1218;1905;1906,86;87
51,93,0,,3,204;1150;1278,0,1,False,0,,0,AC,False,True,AC,,0,3,0,,204;1150;1278,
52,94,0,,1,88,0,1,False,0,,0,AC,False,True,AC,,0,1,0,,88,
53,95,0,,2,1284;1903,0,1,False,0,,0,AC,False,True,AC,,0,2,0,,1284;1903,
54,96,0,,3,1284;1903;1912,0,1,False,0,,0,AC,False,True,AC,,0,3,0,,1284;1903;1912,
55,97,0,,6,1114;1148;1206;1217;1283;1904,0,1,False,0,,0,AC,False,True,AC,,0,6,0,,1114;1148;1206;1217;1283;1904,
56,98,0,,4,87;1148;1189;1278,0,1,False,0,,0,AC,False,True,AC,,0,4,0,,87;1148;1189;1278,
57,99,0,,1,1278,0,1,False,0,,0,AC,False,True,AC,,0,1,0,,1278,
58,100,0,,1,88,0,1,False,0,,0,AC,False,True,AC,,0,1,0,,88,
59,101,0,,2,1194;1903,0,1,False,0,,0,AC,False,True,AC,,0,2,0,,1194;1903,
60,102,0,,1,1904,0,1,False,0,,0,AC,False,True,AC,,0,1,0,,1904,
61,103,0,,4,1218;1284;1912;1913,0,1,False,0,,0,AC,False,True,AC,,0,4,0,,1218;1284;1912;1913,
62,104,0,,2,1188;1904,0,1,False,0,,0,AC,False,True,AC,,0,2,0,,1188;1904,
63,105,0,,1,87,0,1,False,0,,0,AC,False,True,AC,,0,1,0,,87,
64,106,1,FARRAGUT,5,1150;1189;1216;1283;1906,0,1,False,0,,0,AC,False,True,AC,,1,6,2,FARRAGUT,1150;1189;1216;1283;1905;1906,86;87
65,107,0,,3,204;1193;1219,0,1,False,0,,0,AC,False,True,AC,,0,3,0,,204;1193;1219,
66,108,0,,2,204;1283,0,1,False,0,,0,AC,False,True,AC,,0,2,0,,204;1283,
67,109,0,,2,1284;1906,0,1,False,0,,0,AC,False,True,AC,,0,2,0,,1284;1906,
68,110,0,,3,1114;1149;1193,0,3,False,5,1115;1116;1194;1204;1205,0,AC;AC;AC,False,True,AC,,0,8,0,,1114;1115;1116;1149;1193;1194;1204;1205,
69,111,0,,1,1278,0,1,False,0,,0,AC,False,True,AC,,0,1,0,,1278,
70,112,0,,5,88;203;1188;1283;1906,0,1,False,0,,0,AC,False,True,AC,,0,5,0,,88;203;1188;1283;1906,
71,113,1,FARRAGUT,1,1149,0,2,False,2,1150;1215,3,DC;DC,True,True,DC,,4,9,4,UNKNOWN129920;GOWANUS;FARRAGUT;GOWANUS,1148;1149;1150;1215;1901;1902;1903;1904;1907,82;83;86;87
72,114,0,,3,1189;1218;1912,0,1,False,0,,0,AC,False,True,AC,,0,3,0,,1189;1218;1912,
73,115,0,,4,203;1906;1907;1913,0,1,False,0,,0,AC,False,True,AC,,0,4,0,,203;1906;1907;1913,
74,116,0,,2,1206;1906,0,1,False,0,,0,AC,False,True,AC,,0,2,0,,1206;1906,
75,117,0,,3,1193;1907;1913,0,1,False,0,,0,AC,False,True,AC,,0,3,0,,1193;1907;1913,
76,118,0,,2,204;1188,0,1,False,0,,0,AC,False,True,AC,,0,2,0,,204;1188,
77,119,0,,4,204;1148;1284;1904,0,1,False,0,,0,AC,False,True,AC,,0,4,0,,204;1148;1284;1904,
78,120,1,FARRAGUT,2,1188;1218,0,1,False,0,,0,AC,False,True,AC,,1,4,2,FARRAGUT,1188;1218;1905;1906,86;87
79,121,0,,2,1150;1278,0,1,False,0,,0,AC,False,True,AC,,0,2,0,,1150;1278,
80,122,0,,5,1148;1188;1219;1278;1913,0,1,False,0,,0,AC,False,True,AC,,0,5,0,,1148;1188;1219;1278;1913,
81,123,1,FARRAGUT,1,1906,0,1,False,0,,0,AC,False,True,AC,,1,2,2,FARRAGUT,1905;1906,86;87
82,124,0,,2,1219;1278,0,1,False,0,,0,AC,False,True,AC,,0,2,0,,1219;1278,
83,125,0,,5,1216;1218;1284;1903;1906,0,1,False,0,,0,AC,False,True,AC,,0,5,0,,1216;1218;1284;1903;1906,
84,126,1,FARRAGUT,1,87,0,2,False,1,1215,0,DC;DC,True,True,DC,,1,7,2,FARRAGUT,87;1215;1901;1902;1903;1904;1907,86;87
85,127,1,FARRAGUT,2,1150;1283,0,2,False,3,1149;1215;1284,5,DC;DC,True,True,DC,,6,13,4,UNKNOWN129920;GOWANUS;HUDSON AVENUE;FARRAGUT;GOWANUS;FARRAGUT,1148;1149;1150;1215;1283;1284;1901;1902;1903;1904;1905;1906;1907,82;83;86;87
86,128,0,,4,203;1218;1278;1906,0,1,False,0,,0,AC,False,True,AC,,0,4,0,,203;1218;1278;1906,
87,129,0,,2,1193;1907,0,1,False,0,,0,AC,False,True,AC,,0,2,0,,1193;1907,
88,130,1,FARRAGUT,4,1114;1150;1283;1912,0,1,False,0,,0,AC,False,True,AC,,1,6,2,FARRAGUT,1114;1150;1283;1905;1906;1912,86;87
89,131,0,,4,203;1216;1218;1284,0,1,False,0,,0,AC,False,True,AC,,0,4,0,,203;1216;1218;1284,
90,132,0,,1,1278,0,1,False,0,,0,AC,False,True,AC,,0,1,0,,1278,
91,133,0,,0,,0,1,False,0,,0,AC,False,True,AC,,0,0,0,,,
92,134,0,,4,1193;1216;1219;1284,0,1,False,0,,0,AC,False,True,AC,,0,4,0,,1193;1216;1219;1284,
93,135,0,,0,,0,1,False,0,,0,AC,False,True,AC,,0,0,0,,,
94,136,1,FARRAGUT,0,,0,1,False,0,,0,AC,False,True,AC,,1,2,2,FARRAGUT,1905;1906,86;87
95,137,0,,3,1149;1907;1912,0,1,False,0,,0,AC,False,True,AC,,0,3,0,,1149;1907;1912,
96,138,0,,3,1149;1903;1905,0,1,False,0,,0,AC,False,True,AC,,0,3,0,,1149;1903;1905,
97,139,0,,5,88;1188;1219;1283;1912,0,1,False,0,,0,AC,False,True,AC,,0,5,0,,88;1188;1219;1283;1912,
98,140,0,,4,1188;1193;1217;1278,0,1,False,0,,0,AC,False,True,AC,,0,4,0,,1188;1193;1217;1278,
99,141,0,,1,87,0,1,False,0,,0,AC,False,True,AC,,0,1,0,,87,
100,142,2,FARRAGUT;FARRAGUT,2,1218;1903,0,2,False,1,1215,0,DC;DC,True,True,DC,,2,9,2,FARRAGUT;FARRAGUT,1215;1218;1901;1902;1903;1904;1905;1906;1907,86;87
101,143,0,,1,1905,0,1,False,0,,0,AC,False,True,AC,,0,1,0,,1905,
102,144,1,FARRAGUT,4,88;204;1194;1903,0,1,False,0,,0,AC,False,True,AC,,1,6,2,FARRAGUT,88;204;1194;1903;1905;1906,86;87
103,145,0,,1,1206,0,1,False,0,,0,AC,False,True,AC,,0,1,0,,1206,
104,146,0,,3,1149;1150;1903,0,1,False,0,,0,AC,False,True,AC,,0,3,0,,1149;1150;1903,
105,147,0,,6,1150;1193;1194;1206;1217;1219,0,1,False,0,,0,AC,False,True,AC,,0,6,0,,1150;1193;1194;1206;1217;1219,
106,148,0,,1,1284,0,1,False,0,,0,AC,False,True,AC,,0,1,0,,1284,
107,149,1,FARRAGUT,1,1278,0,2,False,1,1215,0,DC;DC,True,True,DC,,1,7,2,FARRAGUT,1215;1278;1901;1902;1903;1904;1907,86;87
108,150,1,FARRAGUT,0,,0,2,False,1,1215,0,DC;DC,True,True,DC,,1,6,2,FARRAGUT,1215;1901;1902;1903;1904;1907,86;87
109,151,0,,5,1114;1188;1219;1903;1913,0,1,False,0,,0,AC,False,True,AC,,0,5,0,,1114;1188;1219;1903;1913,
110,152,0,,2,87;1903,0,1,False,0,,0,AC,False,True,AC,,0,2,0,,87;1903,
111,153,0,,3,87;1150;1218,0,1,False,0,,0,AC,False,True,AC,,0,3,0,,87;1150;1218,
112,154,0,,3,204;1206;1907,0,1,False,0,,0,AC,False,True,AC,,0,3,0,,204;1206;1907,
113,155,0,,0,,0,1,False,0,,0,AC,False,True,AC,,0,0,0,,,
114,156,1,FARRAGUT,4,87;88;1150;1283,0,2,False,1,1215,2,AC;AC,False,True,AC,,3,7,3,UNKNOWN124169;UNKNOWN124169;FARRAGUT,87;88;1150;1215;1283;1905;1906,3;86;87
115,157,0,,5,1114;1189;1219;1283;1905,0,1,False,0,,0,AC,False,True,AC,,0,5,0,,1114;1189;1219;1283;1905,
116,158,0,,5,1194;1216;1283;1284;1903,0,1,False,0,,0,AC,False,True,AC,,0,5,0,,1194;1216;1283;1284;1903,
117,159,0,,2,1188;1189,0,1,False,0,,0,AC,False,True,AC,,0,2,0,,1188;1189,
118,160,0,,2,1148;1903,0,1,False,0,,0,AC,False,True,AC,,0,2,0,,1148;1903,
119,161,0,,1,1218,0,1,False,0,,0,AC,False,True,AC,,0,1,0,,1218,
120,162,1,FARRAGUT,4,203;1206;1283;1284,2,2,False,1,1215,0,DC;DC,True,True,DC,,3,12,2,HUDSON AVENUE;FARRAGUT;FARRAGUT,203;1206;1215;1283;1284;1901;1902;1903;1904;1905;1906;1907,86;87
121,163,1,FARRAGUT,2,1148;1283,0,1,False,0,,0,AC,False,True,AC,,1,4,2,FARRAGUT,1148;1283;1905;1906,86;87
122,164,1,FARRAGUT,3,1148;1150;1193,2,2,False,1,1215,0,DC;DC,True,True,DC,,3,9,4,GOWANUS;FARRAGUT;GOWANUS,1148;1150;1193;1215;1901;1902;1903;1904;1907,82;83;86;87
123,165,0,,2,1283;1907,0,1,False,0,,0,AC,False,True,AC,,0,2,0,,1283;1907,
124,166,0,,3,1216;1217;1903,0,1,False,0,,0,AC,False,True,AC,,0,3,0,,1216;1217;1903,
125,167,0,,1,1903,0,1,False,0,,0,AC,False,True,AC,,0,1,0,,1903,
126,168,1,FARRAGUT,4,1193;1216;1217;1283,0,1,False,0,,0,AC,False,True,AC,,1,6,2,FARRAGUT,1193;1216;1217;1283;1905;1906,86;87
127,169,0,,1,1219,0,1,False,0,,0,AC,False,True,AC,,0,1,0,,1219,
128,170,0,,4,1114;1148;1216;1283,0,1,False,0,,0,AC,False,True,AC,,0,4,0,,1114;1148;1216;1283,
129,171,1,FARRAGUT,0,,0,2,False,1,1215,0,DC;DC,True,True,DC,,1,6,2,FARRAGUT,1215;1901;1902;1903;1904;1907,86;87
130,172,0,,2,1188;1216,0,1,False,0,,0,AC,False,True,AC,,0,2,0,,1188;1216,
131,173,1,FARRAGUT,2,1218;1907,0,2,False,1,1215,0,DC;DC,True,True,DC,,1,7,2,FARRAGUT,1215;1218;1901;1902;1903;1904;1907,86;87
132,174,0,,4,1188;1193;1219;1903,0,1,False,0,,0,AC,False,True,AC,,0,4,0,,1188;1193;1219;1903,
133,175,0,,3,87;88;1906,0,2,False,1,1215,2,AC;AC,False,True,AC,,2,4,1,UNKNOWN124169;UNKNOWN124169,87;88;1215;1906,3
134,176,0,,2,1278;1284,0,1,False,0,,0,AC,False,True,AC,,0,2,0,,1278;1284,
135,177,0,,1,1188,0,1,False,0,,0,AC,False,True,AC,,0,1,0,,1188,
136,178,1,FARRAGUT,1,87,0,1,False,0,,0,AC,False,True,AC,,1,3,2,FARRAGUT,87;1905;1906,86;87
137,179,0,,5,1189;1217;1278;1284;1903,0,1,False,0,,0,AC,False,True,AC,,0,5,0,,1189;1217;1278;1284;1903,
138,180,0,,3,1903;1904;1913,0,1,False,0,,0,AC,False,True,AC,,0,3,0,,1903;1904;1913,
139,181,0,,2,1218;1219,0,1,False,0,,0,AC,False,True,AC,,0,2,0,,1218;1219,
140,182,0,,4,1188;1284;1903;1912,0,1,False,0,,0,AC,False,True,AC,,0,4,0,,1188;1284;1903;1912,
141,183,0,,2,88;1216,0,1,False,0,,0,AC,False,True,AC,,0,2,0,,88;1216,
142,184,1,FARRAGUT,3,1193;1278;1906,0,2,False,1,1215,0,DC;DC,True,True,DC,,1,9,2,FARRAGUT,1193;1215;1278;1901;1902;1903;1904;1906;1907,86;87
143,185,0,,1,1114,0,1,False,0,,0,AC,False,True,AC,,0,1,0,,1114,
144,186,0,,0,,0,1,False,0,,0,AC,False,True,AC,,0,0,0,,,
145,187,0,,2,1150;1913,0,1,False,0,,0,AC,False,True,AC,,0,2,0,,1150;1913,
146,188,1,FARRAGUT,1,1218,0,2,False,1,1215,0,DC;DC,True,True,DC,,1,7,2,FARRAGUT,1215;1218;1901;1902;1903;1904;1907,86;87
147,189,0,,7,204;1148;1206;1216;1284;1905;1912,0,1,False,0,,0,AC,False,True,AC,,0,7,0,,204;1148;1206;1216;1284;1905;1912,
148,190,1,FARRAGUT,2,1278;1284,0,1,False,0,,0,AC,False,True,AC,,1,4,2,FARRAGUT,1278;1284;1905;1906,86;87
149,191,0,,2,87;1278,0,1,False,0,,0,AC,False,True,AC,,0,2,0,,87;1278,
150,192,0,,4,87;88;1216;1219,0,2,False,1,1215,2,AC;AC,False,True,AC,,2,5,1,UNKNOWN124169;UNKNOWN124169,87;88;1215;1216;1219,3
151,193,0,,2,203;1218,0,1,False,0,,0,AC,False,True,AC,,0,2,0,,203;1218,
152,194,0,,1,1284,0,1,False,0,,0,AC,False,True,AC,,0,1,0,,1284,
153,195,2,FARRAGUT;FARRAGUT,2,1189;1913,0,2,False,2,1215;1912,0,DC;DC,True,True,DC,,2,11,2,FARRAGUT;FARRAGUT,1189;1215;1901;1902;1903;1904;1905;1906;1907;1912;1913,86;87
154,196,0,,4,204;1149;1217;1906,0,1,False,0,,0,AC,False,True,AC,,0,4,0,,204;1149;1217;1906,
155,197,0,,4,1148;1149;1189;1193,0,1,False,0,,0,AC,False,True,AC,,0,4,0,,1148;1149;1189;1193,
156,198,0,,5,87;1218;1219;1283;1284,0,1,False,0,,0,AC,False,True,AC,,0,5,0,,87;1218;1219;1283;1284,
157,199,0,,4,87;1148;1283;1907,0,1,False,0,,0,AC,False,True,AC,,0,4,0,,87;1148;1283;1907,
158,200,0,,5,87;1149;1193;1283;1912,0,1,False,0,,0,AC,False,True,AC,,0,5,0,,87;1149;1193;1283;1912,
159,201,0,,3,1194;1217;1284,0,1,False,0,,0,AC,False,True,AC,,0,3,0,,1194;1217;1284,
160,202,0,,2,1283;1905,0,1,False,0,,0,AC,False,True,AC,,0,2,0,,1283;1905,
161,203,0,,3,87;1218;1913,0,1,False,0,,0,AC,False,True,AC,,0,3,0,,87;1218;1913,
162,204,0,,3,203;1114;1189,0,1,False,0,,0,AC,False,True,AC,,0,3,0,,203;1114;1189,
163,205,0,,0,,0,1,False,0,,0,AC,False,True,AC,,0,0,0,,,
164,206,0,,0,,0,1,False,0,,0,AC,False,True,AC,,0,0,0,,,
165,207,0,,3,1206;1217;1284,0,1,False,0,,0,AC,False,True,AC,,0,3,0,,1206;1217;1284,
166,208,0,,3,1193;1219;1283,0,1,False,0,,0,AC,False,True,AC,,0,3,0,,1193;1219;1283,
167,209,0,,5,88;1193;1218;1219;1283,0,1,False,0,,0,AC,False,True,AC,,0,5,0,,88;1193;1218;1219;1283,
168,210,0,,2,203;1216,0,1,False,0,,0,AC,False,True,AC,,0,2,0,,203;1216,
169,211,0,,1,1283,0,1,False,0,,0,AC,False,True,AC,,0,1,0,,1283,
170,212,0,,0,,0,1,False,0,,0,AC,False,True,AC,,0,0,0,,,
171,213,0,,2,1148;1150,0,1,False,0,,0,AC,False,True,AC,,0,2,0,,1148;1150,
172,214,1,FARRAGUT,3,87;1148;1907,2,2,False,1,1215,0,DC;DC,True,True,DC,,3,8,4,GOWANUS;FARRAGUT;GOWANUS,87;1148;1215;1901;1902;1903;1904;1907,82;83;86;87
173,215,1,FARRAGUT,3,204;1218;1284,0,1,False,0,,0,AC,False,True,AC,,1,5,2,FARRAGUT,204;1218;1284;1905;1906,86;87
174,216,0,,2,1149;1912,0,1,False,0,,0,AC,False,True,AC,,0,2,0,,1149;1912,
175,217,0,,4,1150;1206;1219;1905,0,1,False,0,,0,AC,False,True,AC,,0,4,0,,1150;1206;1219;1905,
176,218,0,,1,1278,0,1,False,0,,0,AC,False,True,AC,,0,1,0,,1278,
177,219,0,,5,1114;1189;1206;1218;1219,0,1,False,0,,0,AC,False,True,AC,,0,5,0,,1114;1189;1206;1218;1219,
178,220,0,,0,,0,1,False,0,,0,AC,False,True,AC,,0,0,0,,,
179,221,0,,3,1149;1217;1218,0,1,False,0,,0,AC,False,True,AC,,0,3,0,,1149;1217;1218,
180,222,0,,2,204;1189,0,1,False,0,,0,AC,False,True,AC,,0,2,0,,204;1189,
181,223,0,,5,1188;1216;1278;1284;1904,0,1,False,0,,0,AC,False,True,AC,,0,5,0,,1188;1216;1278;1284;1904,
182,224,0,,3,88;1216;1907,0,1,False,0,,0,AC,False,True,AC,,0,3,0,,88;1216;1907,
183,225,0,,3,1189;1284;1906,0,1,False,0,,0,AC,False,True,AC,,0,3,0,,1189;1284;1906,
184,226,0,,3,1148;1278;1283,0,1,False,0,,0,AC,False,True,AC,,0,3,0,,1148;1278;1283,
185,227,0,,3,1114;1905;1913,0,1,False,0,,0,AC,False,True,AC,,0,3,0,,1114;1905;1913,
186,228,0,,2,1194;1206,0,1,False,0,,0,AC,False,True,AC,,0,2,0,,1194;1206,
187,229,0,,5,87;1189;1216;1903;1907,0,1,False,0,,0,AC,False,True,AC,,0,5,0,,87;1189;1216;1903;1907,
188,230,1,FARRAGUT,4,1189;1284;1904;1913,0,2,False,3,1215;1283;1912,2,DC;DC,True,True,DC,,3,13,2,HUDSON AVENUE;FARRAGUT;FARRAGUT,1189;1215;1283;1284;1901;1902;1903;1904;1905;1906;1907;1912;1913,86;87
189,231,0,,0,,0,1,False,0,,0,AC,False,True,AC,,0,0,0,,,
190,232,0,,0,,0,1,False,0,,0,AC,False,True,AC,,0,0,0,,,
191,233,1,FARRAGUT,5,87;1114;1278;1284;1904,0,2,False,2,1215;1283,2,DC;DC,True,True,DC,,3,13,2,HUDSON AVENUE;FARRAGUT;FARRAGUT,87;1114;1215;1278;1283;1284;1901;1902;1903;1904;1905;1906;1907,86;87
192,234,0,,2,1217;1912,0,1,False,0,,0,AC,False,True,AC,,0,2,0,,1217;1912,
193,235,1,FARRAGUT,4,87;88;1903;1905,0,2,False,1,1215,2,AC;AC,False,True,AC,,3,6,3,UNKNOWN124169;UNKNOWN124169;FARRAGUT,87;88;1215;1903;1905;1906,3;86;87
194,236,0,,1,1217,0,1,False,0,,0,AC,False,True,AC,,0,1,0,,1217,
195,237,1,FARRAGUT,4,1114;1189;1193;1216,0,5,False,13,1115;1116;1188;1194;1204;1205;1212;1213;1214;1215;1217;1218;1219,23,AC;AC;AC;DC;DC,True,True,DC,,24,55,13,UNKNOWN124169;EAST 13TH STREET;WEST ASTORIA;EAST ASTORIA;UNKNOWN129920;NORTH QUEENS;CORONA;QUEENSBRIDGE;GOWANUS;RAINEY;FARRAGUT;VERNON;LEONARD STREET;WEST 65TH STREET;WEST 49TH STREET;UNKNOWN172523;UNKNOWN172524;UNKNOWN124169;EAST ASTORIA;GOWANUS;RAINEY;FARRAGUT;LEONARD STREET;WEST 49TH STREET,87;88;203;204;205;206;1114;1115;1116;1117;1118;1148;1149;1150;1188;1189;1193;1194;1200;1201;1202;1203;1204;1205;1212;1213;1214;1215;1216;1217;1218;1219;1285;1286;1287;1901;1902;1903;1904;1905;1906;1907;1908;1909;1910;1911;1912;1913;1914;1915;1916;2219;2220;2221;2222,3;32;33;82;83;84;85;86;87;88;89;90;91
196,238,0,,1,1283,0,1,False,0,,0,AC,False,True,AC,,0,1,0,,1283,
197,239,1,FARRAGUT,3,1148;1189;1905,2,2,False,1,1215,0,DC;DC,True,True,DC,,3,9,4,GOWANUS;FARRAGUT;GOWANUS,1148;1189;1215;1901;1902;1903;1904;1905;1907,82;83;86;87
198,240,1,FARRAGUT,2,204;1904,0,1,False,0,,0,AC,False,True,AC,,1,4,2,FARRAGUT,204;1904;1905;1906,86;87
199,241,0,,2,1114;1284,0,1,False,0,,0,AC,False,True,AC,,0,2,0,,1114;1284,
200,242,1,FARRAGUT,2,1218;1912,0,2,False,2,1215;1913,0,DC;DC,True,True,DC,,1,9,2,FARRAGUT,1215;1218;1901;1902;1903;1904;1907;1912;1913,86;87
201,243,0,,1,1188,0,1,False,0,,0,AC,False,True,AC,,0,1,0,,1188,
202,244,1,FARRAGUT,2,204;1905,0,2,False,1,1215,0,DC;DC,True,True,DC,,1,8,2,FARRAGUT,204;1215;1901;1902;1903;1904;1905;1907,86;87
203,245,0,,3,1218;1278;1907,0,1,False,0,,0,AC,False,True,AC,,0,3,0,,1218;1278;1907,
204,246,0,,4,1194;1218;1219;1907,0,1,False,0,,0,AC,False,True,AC,,0,4,0,,1194;1218;1219;1907,
205,247,0,,1,1149,0,1,False,0,,0,AC,False,True,AC,,0,1,0,,1149,
206,248,0,,4,87;1194;1912;1913,0,1,False,0,,0,AC,False,True,AC,,0,4,0,,87;1194;1912;1913,
207,249,0,,2,88;1114,0,1,False,0,,0,AC,False,True,AC,,0,2,0,,88;1114,
208,250,0,,6,87;203;1150;1217;1284;1913,0,1,False,0,,0,AC,False,True,AC,,0,6,0,,87;203;1150;1217;1284;1913,
209,251,0,,3,1194;1216;1904,0,1,False,0,,0,AC,False,True,AC,,0,3,0,,1194;1216;1904,
210,252,0,,4,1149;1188;1283;1905,0,1,False,0,,0,AC,False,True,AC,,0,4,0,,1149;1188;1283;1905,
211,253,0,,3,87;203;1283,0,1,False,0,,0,AC,False,True,AC,,0,3,0,,87;203;1283,
212,254,0,,2,1150;1206,0,1,False,0,,0,AC,False,True,AC,,0,2,0,,1150;1206,
213,255,0,,0,,0,1,False,0,,0,AC,False,True,AC,,0,0,0,,,
214,256,0,,4,1216;1284;1906;1907,0,1,False,0,,0,AC,False,True,AC,,0,4,0,,1216;1284;1906;1907,
215,257,0,,4,1150;1219;1903;1907,0,1,False,0,,0,AC,False,True,AC,,0,4,0,,1150;1219;1903;1907,
216,258,0,,4,1194;1206;1219;1283,0,1,False,0,,0,AC,False,True,AC,,0,4,0,,1194;1206;1219;1283,
217,259,0,,4,1150;1284;1906;1907,0,1,False,0,,0,AC,False,True,AC,,0,4,0,,1150;1284;1906;1907,
218,260,0,,3,88;204;1149,0,1,False,0,,0,AC,False,True,AC,,0,3,0,,88;204;1149,
219,261,0,,3,1219;1284;1913,0,1,False,0,,0,AC,False,True,AC,,0,3,0,,1219;1284;1913,
220,262,0,,2,204;1150,0,1,False,0,,0,AC,False,True,AC,,0,2,0,,204;1150,
221,263,0,,3,87;1218;1913,0,1,False,0,,0,AC,False,True,AC,,0,3,0,,87;1218;1913,
222,264,0,,5,88;1188;1189;1206;1217,0,1,False,0,,0,AC,False,True,AC,,0,5,0,,88;1188;1189;1206;1217,
223,265,1,FARRAGUT,1,1114,0,1,False,0,,0,AC,False,True,AC,,1,3,2,FARRAGUT,1114;1905;1906,86;87
224,266,0,,2,1189;1283,0,1,False,0,,0,AC,False,True,AC,,0,2,0,,1189;1283,
225,267,0,,3,88;1189;1219,0,1,False,0,,0,AC,False,True,AC,,0,3,0,,88;1189;1219,
226,268,0,,1,1907,0,1,False,0,,0,AC,False,True,AC,,0,1,0,,1907,
227,269,0,,1,1904,0,1,False,0,,0,AC,False,True,AC,,0,1,0,,1904,
228,270,0,,3,1149;1219;1913,0,1,False,0,,0,AC,False,True,AC,,0,3,0,,1149;1219;1913,
229,271,0,,1,1149,0,1,False,0,,0,AC,False,True,AC,,0,1,0,,1149,
230,272,0,,0,,0,1,False,0,,0,AC,False,True,AC,,0,0,0,,,
231,273,0,,1,1903,0,1,False,0,,0,AC,False,True,AC,,0,1,0,,1903,
232,274,0,,4,1114;1149;1219;1905,0,1,False,0,,0,AC,False,True,AC,,0,4,0,,1114;1149;1219;1905,
233,275,0,,4,87;88;1283;1906,0,2,False,1,1215,2,AC;AC,False,True,AC,,2,5,1,UNKNOWN124169;UNKNOWN124169,87;88;1215;1283;1906,3
234,276,1,FARRAGUT,2,1217;1906,0,1,False,0,,0,AC,False,True,AC,,1,3,2,FARRAGUT,1217;1905;1906,86;87
235,277,0,,4,88;1189;1216;1906,0,1,False,0,,0,AC,False,True,AC,,0,4,0,,88;1189;1216;1906,
236,278,0,,3,1216;1903;1913,0,1,False,0,,0,AC,False,True,AC,,0,3,0,,1216;1903;1913,
237,279,1,FARRAGUT,5,87;1148;1150;1216;1903,2,2,False,1,1215,0,DC;DC,True,True,DC,,3,10,4,GOWANUS;FARRAGUT;GOWANUS,87;1148;1150;1215;1216;1901;1902;1903;1904;1907,82;83;86;87
238,280,0,,4,1150;1219;1283;1904,0,1,False,0,,0,AC,False,True,AC,,0,4,0,,1150;1219;1283;1904,
239,281,0,,4,1148;1188;1283;1912,0,1,False,0,,0,AC,False,True,AC,,0,4,0,,1148;1188;1283;1912,
240,282,0,,2,1217;1903,0,1,False,0,,0,AC,False,True,AC,,0,2,0,,1217;1903,
241,283,0,,5,88;1278;1283;1903;1912,0,1,False,0,,0,AC,False,True,AC,,0,5,0,,88;1278;1283;1903;1912,
242,284,1,FARRAGUT,0,,0,1,False,0,,0,AC,False,True,AC,,1,2,2,FARRAGUT,1905;1906,86;87
243,285,1,FARRAGUT,2,88;1284,0,2,False,2,1215;1283,2,DC;DC,True,True,DC,,3,11,2,HUDSON AVENUE;FARRAGUT;FARRAGUT,88;1215;1283;1284;1901;1902;1903;1904;1905;1906;1907,86;87
244,286,0,,5,87;1217;1218;1219;1283,0,1,False,0,,0,AC,False,True,AC,,0,5,0,,87;1217;1218;1219;1283,
245,287,0,,5,87;1149;1217;1283;1904,0,1,False,0,,0,AC,False,True,AC,,0,5,0,,87;1149;1217;1283;1904,
246,288,0,,3,1150;1189;1218,0,1,False,0,,0,AC,False,True,AC,,0,3,0,,1150;1189;1218,
247,289,1,FARRAGUT,2,1148;1188,0,1,False,0,,0,AC,False,True,AC,,1,4,2,FARRAGUT,1148;1188;1905;1906,86;87
248,290,0,,1,1912,0,1,False,0,,0,AC,False,True,AC,,0,1,0,,1912,
249,291,0,,5,88;204;1148;1206;1912,0,1,False,0,,0,AC,False,True,AC,,0,5,0,,88;204;1148;1206;1912,
250,292,0,,1,1219,0,1,False,0,,0,AC,False,True,AC,,0,1,0,,1219,
251,293,0,,0,,0,1,False,0,,0,AC,False,True,AC,,0,0,0,,,
252,294,0,,1,1193,0,1,False,0,,0,AC,False,True,AC,,0,1,0,,1193,
253,295,1,FARRAGUT,3,1188;1904;1905,0,1,False,0,,0,AC,False,True,AC,,1,4,2,FARRAGUT,1188;1904;1905;1906,86;87
254,296,0,,1,1912,0,1,False,0,,0,AC,False,True,AC,,0,1,0,,1912,
255,297,1,FARRAGUT,3,204;1216;1283,0,2,False,2,1215;1284,2,DC;DC,True,True,DC,,3,12,2,HUDSON AVENUE;FARRAGUT;FARRAGUT,204;1215;1216;1283;1284;1901;1902;1903;1904;1905;1906;1907,86;87
256,298,0,,4,1114;1150;1189;1284,0,1,False,0,,0,AC,False,True,AC,,0,4,0,,1114;1150;1189;1284,
257,299,0,,5,87;1114;1150;1189;1907,0,1,False,0,,0,AC,False,True,AC,,0,5,0,,87;1114;1150;1189;1907,
258,300,0,,1,1219,0,1,False,0,,0,AC,False,True,AC,,0,1,0,,1219,
259,301,0,,3,1148;1149;1907,0,1,False,0,,0,AC,False,True,AC,,0,3,0,,1148;1149;1907,
260,302,0,,1,1912,0,1,False,0,,0,AC,False,True,AC,,0,1,0,,1912,
261,303,0,,2,1283;1913,0,1,False,0,,0,AC,False,True,AC,,0,2,0,,1283;1913,
262,304,0,,6,1148;1150;1189;1194;1283;1284,0,1,False,0,,0,AC,False,True,AC,,0,6,0,,1148;1150;1189;1194;1283;1284,
263,305,0,,4,203;1149;1194;1903,0,1,False,0,,0,AC,False,True,AC,,0,4,0,,203;1149;1194;1903,
264,306,1,FARRAGUT,3,1148;1149;1284,2,2,False,2,1215;1283,2,DC;AC,True,True,AC,,5,12,4,GOWANUS;HUDSON AVENUE;FARRAGUT;GOWANUS;FARRAGUT,1148;1149;1215;1283;1284;1901;1902;1903;1904;1905;1906;1907,82;83;86;87
265,307,0,,2,1150;1284,0,1,False,0,,0,AC,False,True,AC,,0,2,0,,1150;1284,
266,308,0,,1,204,0,1,False,0,,0,AC,False,True,AC,,0,1,0,,204,
267,309,1,FARRAGUT,0,,0,1,False,0,,0,AC,False,True,AC,,1,2,2,FARRAGUT,1905;1906,86;87
268,310,0,,3,1150;1218;1278,0,1,False,0,,0,AC,False,True,AC,,0,3,0,,1150;1218;1278,
269,311,0,,4,1148;1150;1217;1284,0,1,False,0,,0,AC,False,True,AC,,0,4,0,,1148;1150;1217;1284,
270,312,0,,2,88;1114,0,1,False,0,,0,AC,False,True,AC,,0,2,0,,88;1114,
271,313,0,,1,1149,0,1,False,0,,0,AC,False,True,AC,,0,1,0,,1149,
272,314,0,,1,1283,0,1,False,0,,0,AC,False,True,AC,,0,1,0,,1283,
273,315,0,,0,,0,1,False,0,,0,AC,False,True,AC,,0,0,0,,,
274,316,1,FARRAGUT,1,1218,0,1,False,0,,0,AC,False,True,AC,,1,3,2,FARRAGUT,1218;1905;1906,86;87
275,317,0,,1,1189,0,1,False,0,,0,AC,False,True,AC,,0,1,0,,1189,
276,318,0,,2,88;1218,0,1,False,0,,0,AC,False,True,AC,,0,2,0,,88;1218,
277,319,0,,4,1206;1278;1904;1913,0,1,False,0,,0,AC,False,True,AC,,0,4,0,,1206;1278;1904;1913,
278,320,0,,3,1218;1905;1906,0,1,False,0,,0,AC,False,True,AC,,0,3,0,,1218;1905;1906,
279,321,0,,1,1913,0,1,False,0,,0,AC,False,True,AC,,0,1,0,,1913,
280,322,0,,3,1216;1905;1906,0,1,False,0,,0,AC,False,True,AC,,0,3,0,,1216;1905;1906,
281,323,0,,3,1189;1216;1217,0,1,False,0,,0,AC,False,True,AC,,0,3,0,,1189;1216;1217,
282,324,0,,1,1114,0,1,False,0,,0,AC,False,True,AC,,0,1,0,,1114,
283,325,0,,3,1189;1283;1904,0,1,False,0,,0,AC,False,True,AC,,0,3,0,,1189;1283;1904,
284,326,1,FARRAGUT,1,1218,0,2,False,1,1215,0,DC;DC,True,True,DC,,1,7,2,FARRAGUT,1215;1218;1901;1902;1903;1904;1907,86;87
285,327,0,,1,1912,0,1,False,0,,0,AC,False,True,AC,,0,1,0,,1912,
286,328,0,,1,1278,0,1,False,0,,0,AC,False,True,AC,,0,1,0,,1278,
287,329,0,,2,1216;1218,0,1,False,0,,0,AC,False,True,AC,,0,2,0,,1216;1218,
288,330,0,,3,1149;1188;1189,0,1,False,0,,0,AC,False,True,AC,,0,3,0,,1149;1188;1189,
289,331,0,,2,1218;1284,0,1,False,0,,0,AC,False,True,AC,,0,2,0,,1218;1284,
290,332,0,,2,1217;1283,0,1,False,0,,0,AC,False,True,AC,,0,2,0,,1217;1283,
291,333,0,,2,1150;1906,0,1,False,0,,0,AC,False,True,AC,,0,2,0,,1150;1906,
292,334,0,,2,87;1149,0,1,False,0,,0,AC,False,True,AC,,0,2,0,,87;1149,
293,335,0,,2,1149;1217,0,1,False,0,,0,AC,False,True,AC,,0,2,0,,1149;1217,
294,336,0,,4,88;1148;1188;1219,0,1,False,0,,0,AC,False,True,AC,,0,4,0,,88;1148;1188;1219,
295,337,1,FARRAGUT,5,1149;1193;1218;1904;1907,0,2,False,2,1150;1215,3,DC;DC,True,True,DC,,4,11,4,UNKNOWN129920;GOWANUS;FARRAGUT;GOWANUS,1148;1149;1150;1193;1215;1218;1901;1902;1903;1904;1907,82;83;86;87
296,338,0,,2,1148;1193,0,1,False,0,,0,AC,False,True,AC,,0,2,0,,1148;1193,
297,339,0,,0,,0,1,False,0,,0,AC,False,True,AC,,0,0,0,,,
298,340,0,,2,1148;1905,0,1,False,0,,0,AC,False,True,AC,,0,2,0,,1148;1905,
299,341,0,,2,203;1912,0,1,False,0,,0,AC,False,True,AC,,0,2,0,,203;1912,
300,342,0,,3,1148;1906;1912,0,1,False,0,,0,AC,False,True,AC,,0,3,0,,1148;1906;1912,
301,343,1,FARRAGUT,4,88;1149;1219;1906,0,1,False,0,,0,AC,False,True,AC,,1,5,2,FARRAGUT,88;1149;1219;1905;1906,86;87
302,344,0,,2,1219;1904,0,1,False,0,,0,AC,False,True,AC,,0,2,0,,1219;1904,
303,345,0,,5,1114;1189;1206;1903;1912,0,1,False,0,,0,AC,False,True,AC,,0,5,0,,1114;1189;1206;1903;1912,
304,346,0,,1,87,0,1,False,0,,0,AC,False,True,AC,,0,1,0,,87,
305,347,0,,1,1907,0,1,False,0,,0,AC,False,True,AC,,0,1,0,,1907,
306,348,0,,2,204;1217,0,1,False,0,,0,AC,False,True,AC,,0,2,0,,204;1217,
307,349,0,,0,,0,1,False,0,,0,AC,False,True,AC,,0,0,0,,,
308,350,0,,3,1148;1188;1913,0,1,False,0,,0,AC,False,True,AC,,0,3,0,,1148;1188;1913,
309,351,0,,3,204;1149;1912,0,1,False,0,,0,AC,False,True,AC,,0,3,0,,204;1149;1912,
310,352,0,,2,1149;1904,0,1,False,0,,0,AC,False,True,AC,,0,2,0,,1149;1904,
311,353,1,FARRAGUT,4,1114;1194;1218;1278,0,1,False,0,,0,AC,False,True,AC,,1,6,2,FARRAGUT,1114;1194;1218;1278;1905;1906,86;87
312,354,0,,2,1217;1278,0,1,False,0,,0,AC,False,True,AC,,0,2,0,,1217;1278,
313,355,0,,3,204;1148;1905,0,1,False,0,,0,AC,False,True,AC,,0,3,0,,204;1148;1905,
314,356,0,,5,1148;1150;1217;1219;1278,0,1,False,0,,0,AC,False,True,AC,,0,5,0,,1148;1150;1217;1219;1278,
315,357,0,,2,1189;1904,0,1,False,0,,0,AC,False,True,AC,,0,2,0,,1189;1904,
316,358,0,,0,,0,1,False,0,,0,AC,False,True,AC,,0,0,0,,,
317,359,0,,3,1194;1219;1904,0,1,False,0,,0,AC,False,True,AC,,0,3,0,,1194;1219;1904,
318,360,0,,3,1188;1216;1905,0,1,False,0,,0,AC,False,True,AC,,0,3,0,,1188;1216;1905,
319,361,0,,2,1217;1906,0,1,False,0,,0,AC,False,True,AC,,0,2,0,,1217;1906,
320,362,0,,5,88;1219;1278;1283;1913,0,1,False,0,,0,AC,False,True,AC,,0,5,0,,88;1219;1278;1283;1913,
321,363,0,,1,1278,0,1,False,0,,0,AC,False,True,AC,,0,1,0,,1278,
322,364,1,FARRAGUT,6,87;1188;1216;1284;1904;1913,0,2,False,3,1215;1283;1912,2,DC;DC,True,True,DC,,3,15,2,HUDSON AVENUE;FARRAGUT;FARRAGUT,87;1188;1215;1216;1283;1284;1901;1902;1903;1904;1905;1906;1907;1912;1913,86;87
323,365,0,,3,204;1193;1284,0,1,False,0,,0,AC,False,True,AC,,0,3,0,,204;1193;1284,
324,366,0,,2,87;1906,0,1,False,0,,0,AC,False,True,AC,,0,2,0,,87;1906,
325,367,0,,0,,0,1,False,0,,0,AC,False,True,AC,,0,0,0,,,
326,368,0,,2,1189;1217,0,1,False,0,,0,AC,False,True,AC,,0,2,0,,1189;1217,
327,369,0,,5,1148;1149;1188;1194;1217,0,1,False,0,,0,AC,False,True,AC,,0,5,0,,1148;1149;1188;1194;1217,
328,370,0,,6,204;1188;1194;1216;1219;1904,0,1,False,0,,0,AC,False,True,AC,,0,6,0,,204;1188;1194;1216;1219;1904,
329,371,0,,5,88;1149;1217;1278;1284,0,1,False,0,,0,AC,False,True,AC,,0,5,0,,88;1149;1217;1278;1284,
330,372,0,,5,88;1148;1150;1206;1284,0,1,False,0,,0,AC,False,True,AC,,0,5,0,,88;1148;1150;1206;1284,
331,373,0,,2,88;1913,0,1,False,0,,0,AC,False,True,AC,,0,2,0,,88;1913,
332,374,0,,2,1149;1913,0,1,False,0,,0,AC,False,True,AC,,0,2,0,,1149;1913,
333,375,0,,3,1188;1907;1912,0,1,False,0,,0,AC,False,True,AC,,0,3,0,,1188;1907;1912,
334,376,0,,5,87;88;1148;1150;1903,0,2,False,1,1215,2,AC;AC,False,True,AC,,2,6,1,UNKNOWN124169;UNKNOWN124169,87;88;1148;1150;1215;1903,3
335,377,0,,3,1216;1903;1906,0,1,False,0,,0,AC,False,True,AC,,0,3,0,,1216;1903;1906,
336,378,0,,4,88;1219;1278;1284,0,1,False,0,,0,AC,False,True,AC,,0,4,0,,88;1219;1278;1284,
337,379,0,,3,203;1114;1189,0,1,False,0,,0,AC,False,True,AC,,0,3,0,,203;1114;1189,
338,380,1,FARRAGUT,2,1148;1913,0,1,False,0,,0,AC,False,True,AC,,1,4,2,FARRAGUT,1148;1905;1906;1913,86;87
339,381,0,,1,1278,0,1,False,0,,0,AC,False,True,AC,,0,1,0,,1278,
340,382,0,,4,204;1284;1904;1907,0,1,False,0,,0,AC,False,True,AC,,0,4,0,,204;1284;1904;1907,
341,383,1,FARRAGUT,5,1188;1219;1284;1904;1907,0,2,False,2,1215;1283,2,DC;DC,True,True,DC,,3,12,2,HUDSON AVENUE;FARRAGUT;FARRAGUT,1188;1215;1219;1283;1284;1901;1902;1903;1904;1905;1906;1907,86;87
342,384,0,,2,1114;1216,0,1,False,0,,0,AC,False,True,AC,,0,2,0,,1114;1216,
343,385,0,,1,1283,0,1,False,0,,0,AC,False,True,AC,,0,1,0,,1283,
344,386,0,,2,1206;1218,0,1,False,0,,0,AC,False,True,AC,,0,2,0,,1206;1218,
345,387,0,,0,,0,1,False,0,,0,AC,False,True,AC,,0,0,0,,,
346,388,0,,2,1148;1193,0,1,False,0,,0,AC,False,True,AC,,0,2,0,,1148;1193,
347,389,1,FARRAGUT,3,203;1114;1905,0,2,False,1,1215,0,DC;DC,True,True,DC,,1,9,2,FARRAGUT,203;1114;1215;1901;1902;1903;1904;1905;1907,86;87
348,390,0,,2,1278;1907,0,1,False,0,,0,AC,False,True,AC,,0,2,0,,1278;1907,
349,391,1,FARRAGUT,2,1907;1913,0,2,False,2,1215;1912,0,DC;DC,True,True,DC,,1,8,2,FARRAGUT,1215;1901;1902;1903;1904;1907;1912;1913,86;87
350,392,0,,1,1278,0,1,False,0,,0,AC,False,True,AC,,0,1,0,,1278,
351,393,0,,3,1149;1189;1905,0,1,False,0,,0,AC,False,True,AC,,0,3,0,,1149;1189;1905,
352,394,1,FARRAGUT,3,1148;1194;1206,0,1,False,0,,0,AC,False,True,AC,,1,5,2,FARRAGUT,1148;1194;1206;1905;1906,86;87
353,395,1,FARRAGUT,0,,0,2,False,1,1215,0,DC;DC,True,True,DC,,1,6,2,FARRAGUT,1215;1901;1902;1903;1904;1907,86;87
354,396,0,,3,1218;1904;1907,0,1,False,0,,0,AC,False,True,AC,,0,3,0,,1218;1904;1907,
355,397,0,,4,1150;1188;1905;1906,0,1,False,0,,0,AC,False,True,AC,,0,4,0,,1150;1188;1905;1906,
356,398,0,,3,1148;1218;1284,0,1,False,0,,0,AC,False,True,AC,,0,3,0,,1148;1218;1284,
357,399,0,,1,1219,0,1,False,0,,0,AC,False,True,AC,,0,1,0,,1219,
358,400,0,,5,1189;1193;1194;1219;1283,0,1,False,0,,0,AC,False,True,AC,,0,5,0,,1189;1193;1194;1219;1283,
359,401,0,,3,87;1206;1219,0,1,False,0,,0,AC,False,True,AC,,0,3,0,,87;1206;1219,
360,402,0,,3,204;1218;1903,0,1,False,0,,0,AC,False,True,AC,,0,3,0,,204;1218;1903,
361,403,0,,2,1149;1216,0,1,False,0,,0,AC,False,True,AC,,0,2,0,,1149;1216,
362,404,0,,3,1114;1206;1912,0,1,False,0,,0,AC,False,True,AC,,0,3,0,,1114;1206;1912,
363,405,0,,5,1149;1150;1218;1219;1283,0,1,False,0,,0,AC,False,True,AC,,0,5,0,,1149;1150;1218;1219;1283,
364,406,2,FARRAGUT;FARRAGUT,2,1218;1284,0,2,False,1,1215,0,DC;DC,True,True,DC,,2,10,2,FARRAGUT;FARRAGUT,1215;1218;1284;1901;1902;1903;1904;1905;1906;1907,86;87
365,407,0,,3,203;1216;1283,0,1,False,0,,0,AC,False,True,AC,,0,3,0,,203;1216;1283,
366,408,0,,2,88;1903,0,1,False,0,,0,AC,False,True,AC,,0,2,0,,88;1903,
367,409,0,,2,87;204,0,1,False,0,,0,AC,False,True,AC,,0,2,0,,87;204,
368,410,0,,1,1193,0,1,False,0,,0,AC,False,True,AC,,0,1,0,,1193,
369,411,0,,6,1193;1206;1217;1218;1906;1912,0,1,False,0,,0,AC,False,True,AC,,0,6,0,,1193;1206;1217;1218;1906;1912,
370,412,0,,5,88;1148;1217;1904;1906,0,1,False,0,,0,AC,False,True,AC,,0,5,0,,88;1148;1217;1904;1906,
371,413,1,FARRAGUT,4,87;88;1219;1278,0,2,False,1,1215,2,DC;DC,True,True,DC,,3,10,3,UNKNOWN124169;FARRAGUT;UNKNOWN124169,87;88;1215;1219;1278;1901;1902;1903;1904;1907,3;86;87
372,414,0,,4,1189;1216;1904;1913,0,1,False,0,,0,AC,False,True,AC,,0,4,0,,1189;1216;1904;1913,
373,415,0,,1,1194,0,1,False,0,,0,AC,False,True,AC,,0,1,0,,1194,
374,416,1,FARRAGUT,0,,0,2,False,1,1215,0,DC;DC,True,True,DC,,1,6,2,FARRAGUT,1215;1901;1902;1903;1904;1907,86;87
375,417,0,,1,1907,0,1,False,0,,0,AC,False,True,AC,,0,1,0,,1907,
376,418,0,,3,1149;1903;1905,0,1,False,0,,0,AC,False,True,AC,,0,3,0,,1149;1903;1905,
377,419,0,,1,1216,0,1,False,0,,0,AC,False,True,AC,,0,1,0,,1216,
378,420,0,,5,1114;1150;1219;1904;1906,0,1,False,0,,0,AC,False,True,AC,,0,5,0,,1114;1150;1219;1904;1906,
379,421,0,,4,203;1193;1283;1903,0,1,False,0,,0,AC,False,True,AC,,0,4,0,,203;1193;1283;1903,
380,422,0,,2,1217;1219,0,1,False,0,,0,AC,False,True,AC,,0,2,0,,1217;1219,
381,423,0,,2,1278;1907,0,1,False,0,,0,AC,False,True,AC,,0,2,0,,1278;1907,
382,424,0,,1,1188,0,1,False,0,,0,AC,False,True,AC,,0,1,0,,1188,
383,425,1,FARRAGUT,4,87;1193;1903;1912,0,2,False,2,1215;1913,0,DC;DC,True,True,DC,,1,10,2,FARRAGUT,87;1193;1215;1901;1902;1903;1904;1907;1912;1913,86;87
384,426,0,,2,87;1906,0,1,False,0,,0,AC,False,True,AC,,0,2,0,,87;1906,
385,427,0,,3,1150;1283;1904,0,1,False,0,,0,AC,False,True,AC,,0,3,0,,1150;1283;1904,
386,428,0,,1,1218,0,1,False,0,,0,AC,False,True,AC,,0,1,0,,1218,
387,429,1,FARRAGUT,3,1148;1189;1217,0,1,False,0,,0,AC,False,True,AC,,1,5,2,FARRAGUT,1148;1189;1217;1905;1906,86;87
388,430,0,,3,203;1219;1906,0,1,False,0,,0,AC,False,True,AC,,0,3,0,,203;1219;1906,
389,431,1,FARRAGUT,2,1217;1906,0,2,False,1,1215,0,DC;DC,True,True,DC,,1,8,2,FARRAGUT,1215;1217;1901;1902;1903;1904;1906;1907,86;87
390,432,0,,0,,0,1,False,0,,0,AC,False,True,AC,,0,0,0,,,
391,433,0,,3,204;1188;1906,0,1,False,0,,0,AC,False,True,AC,,0,3,0,,204;1188;1906,
392,434,0,,8,87;203;1188;1206;1216;1219;1284;1905,0,1,False,0,,0,AC,False,True,AC,,0,8,0,,87;203;1188;1206;1216;1219;1284;1905,
393,435,0,,3,1189;1219;1904,0,1,False,0,,0,AC,False,True,AC,,0,3,0,,1189;1219;1904,
394,436,0,,2,1149;1219,0,1,False,0,,0,AC,False,True,AC,,0,2,0,,1149;1219,
395,437,0,,0,,0,1,False,0,,0,AC,False,True,AC,,0,0,0,,,
396,438,0,,4,1219;1278;1906;1907,0,1,False,0,,0,AC,False,True,AC,,0,4,0,,1219;1278;1906;1907,
397,439,0,,2,1149;1283,0,1,False,0,,0,AC,False,True,AC,,0,2,0,,1149;1283,
398,440,1,FARRAGUT,3,1189;1206;1284,0,1,False,0,,0,AC,False,True,AC,,1,5,2,FARRAGUT,1189;1206;1284;1905;1906,86;87
399,441,0,,3,1148;1217;1283,0,1,False,0,,0,AC,False,True,AC,,0,3,0,,1148;1217;1283,
400,442,0,,3,87;1188;1278,0,1,False,0,,0,AC,False,True,AC,,0,3,0,,87;1188;1278,
401,443,1,FARRAGUT,3,1150;1188;1904,0,2,False,2,1149;1215,3,DC;DC,True,True,DC,,4,10,4,UNKNOWN129920;GOWANUS;FARRAGUT;GOWANUS,1148;1149;1150;1188;1215;1901;1902;1903;1904;1907,82;83;86;87
402,444,0,,2,1114;1903,0,1,False,0,,0,AC,False,True,AC,,0,2,0,,1114;1903,
403,445,1,FARRAGUT,5,1149;1218;1278;1283;1905,0,1,False,0,,0,AC,False,True,AC,,1,6,2,FARRAGUT,1149;1218;1278;1283;1905;1906,86;87
404,446,0,,4,88;1148;1218;1283,0,1,False,0,,0,AC,False,True,AC,,0,4,0,,88;1148;1218;1283,
405,447,0,,1,1217,0,1,False,0,,0,AC,False,True,AC,,0,1,0,,1217,
406,448,2,FARRAGUT;FARRAGUT,1,1284,0,2,False,1,1215,0,DC;DC,True,True,DC,,2,9,2,FARRAGUT;FARRAGUT,1215;1284;1901;1902;1903;1904;1905;1906;1907,86;87
407,449,0,,3,88;1219;1284,0,1,False,0,,0,AC,False,True,AC,,0,3,0,,88;1219;1284,
408,450,1,FARRAGUT,2,1216;1278,0,1,False,0,,0,AC,False,True,AC,,1,4,2,FARRAGUT,1216;1278;1905;1906,86;87
409,451,0,,5,1194;1217;1218;1904;1907,0,1,False,0,,0,AC,False,True,AC,,0,5,0,,1194;1217;1218;1904;1907,
410,452,1,FARRAGUT,1,1149,0,1,False,0,,0,AC,False,True,AC,,1,3,2,FARRAGUT,1149;1905;1906,86;87
411,453,0,,4,203;1193;1217;1906,0,1,False,0,,0,AC,False,True,AC,,0,4,0,,203;1193;1217;1906,
412,454,0,,3,1149;1283;1907,0,1,False,0,,0,AC,False,True,AC,,0,3,0,,1149;1283;1907,
413,455,0,,3,87;1114;1907,0,1,False,0,,0,AC,False,True,AC,,0,3,0,,87;1114;1907,
414,456,0,,1,1904,0,1,False,0,,0,AC,False,True,AC,,0,1,0,,1904,
415,457,0,,3,87;1217;1913,0,1,False,0,,0,AC,False,True,AC,,0,3,0,,87;1217;1913,
416,458,0,,3,87;88;1283,0,2,False,1,1215,2,AC;AC,False,True,AC,,2,4,1,UNKNOWN124169;UNKNOWN124169,87;88;1215;1283,3
417,459,0,,2,1194;1217,0,1,False,0,,0,AC,False,True,AC,,0,2,0,,1194;1217,
418,460,1,FARRAGUT,1,1216,0,2,False,1,1215,0,DC;DC,True,True,DC,,1,7,2,FARRAGUT,1215;1216;1901;1902;1903;1904;1907,86;87
419,461,0,,2,87;1219,0,1,False,0,,0,AC,False,True,AC,,0,2,0,,87;1219,
420,462,0,,1,1284,0,1,False,0,,0,AC,False,True,AC,,0,1,0,,1284,
421,463,0,,2,1114;1217,0,1,False,0,,0,AC,False,True,AC,,0,2,0,,1114;1217,
422,464,0,,1,203,0,1,False,0,,0,AC,False,True,AC,,0,1,0,,203,
423,465,0,,1,1149,0,1,False,0,,0,AC,False,True,AC,,0,1,0,,1149,
424,466,0,,4,1148;1218;1278;1913,0,1,False,0,,0,AC,False,True,AC,,0,4,0,,1148;1218;1278;1913,
425,467,0,,3,1149;1150;1219,0,1,False,0,,0,AC,False,True,AC,,0,3,0,,1149;1150;1219,
426,468,0,,5,88;1114;1904;1907;1912,0,1,False,0,,0,AC,False,True,AC,,0,5,0,,88;1114;1904;1907;1912,
427,469,0,,2,1189;1913,0,1,False,0,,0,AC,False,True,AC,,0,2,0,,1189;1913,
428,470,0,,1,1907,0,1,False,0,,0,AC,False,True,AC,,0,1,0,,1907,
429,471,1,FARRAGUT,1,1216,0,1,False,0,,0,AC,False,True,AC,,1,3,2,FARRAGUT,1216;1905;1906,86;87
430,472,0,,6,88;1193;1206;1283;1904;1907,0,1,False,0,,0,AC,False,True,AC,,0,6,0,,88;1193;1206;1283;1904;1907,
431,473,0,,5,1194;1216;1219;1903;1907,0,1,False,0,,0,AC,False,True,AC,,0,5,0,,1194;1216;1219;1903;1907,
432,474,0,,3,1206;1216;1284,0,1,False,0,,0,AC,False,True,AC,,0,3,0,,1206;1216;1284,
433,475,1,FARRAGUT,3,87;1219;1913,0,2,False,2,1215;1912,0,DC;DC,True,True,DC,,1,10,2,FARRAGUT,87;1215;1219;1901;1902;1903;1904;1907;1912;1913,86;87
434,476,1,FARRAGUT,2,1206;1905,0,2,False,1,1215,0,DC;DC,True,True,DC,,1,8,2,FARRAGUT,1206;1215;1901;1902;1903;1904;1905;1907,86;87
435,477,0,,1,1188,0,1,False,0,,0,AC,False,True,AC,,0,1,0,,1188,
436,478,0,,1,1206,0,1,False,0,,0,AC,False,True,AC,,0,1,0,,1206,
437,479,0,,2,1188;1219,0,1,False,0,,0,AC,False,True,AC,,0,2,0,,1188;1219,
438,480,0,,1,1216,0,1,False,0,,0,AC,False,True,AC,,0,1,0,,1216,
439,481,0,,3,204;1150;1216,0,1,False,0,,0,AC,False,True,AC,,0,3,0,,204;1150;1216,
440,482,0,,6,203;1217;1278;1903;1904;1913,0,1,False,0,,0,AC,False,True,AC,,0,6,0,,203;1217;1278;1903;1904;1913,
441,483,1,FARRAGUT,3,204;1148;1912,2,2,False,2,1215;1913,0,DC;DC,True,True,DC,,3,10,4,GOWANUS;FARRAGUT;GOWANUS,204;1148;1215;1901;1902;1903;1904;1907;1912;1913,82;83;86;87
442,484,1,FARRAGUT,4,1148;1150;1219;1903,2,2,False,1,1215,0,DC;DC,True,True,DC,,3,9,4,GOWANUS;FARRAGUT;GOWANUS,1148;1150;1215;1219;1901;1902;1903;1904;1907,82;83;86;87
443,485,0,,1,1912,0,1,False,0,,0,AC,False,True,AC,,0,1,0,,1912,
444,486,0,,4,87;1216;1218;1905,0,1,False,0,,0,AC,False,True,AC,,0,4,0,,87;1216;1218;1905,
445,487,0,,2,1149;1216,0,1,False,0,,0,AC,False,True,AC,,0,2,0,,1149;1216,
446,488,2,FARRAGUT;FARRAGUT,2,204;1283,0,2,False,1,1215,0,DC;DC,True,True,DC,,2,10,2,FARRAGUT;FARRAGUT,204;1215;1283;1901;1902;1903;1904;1905;1906;1907,86;87
447,489,0,,2,1148;1149,0,1,False,0,,0,AC,False,True,AC,,0,2,0,,1148;1149,
448,490,0,,1,1194,0,1,False,0,,0,AC,False,True,AC,,0,1,0,,1194,
449,491,0,,2,88;1219,0,1,False,0,,0,AC,False,True,AC,,0,2,0,,88;1219,
450,492,0,,0,,0,1,False,0,,0,AC,False,True,AC,,0,0,0,,,
451,493,0,,1,1149,0,1,False,0,,0,AC,False,True,AC,,0,1,0,,1149,
452,494,0,,3,1904;1905;1913,0,1,False,0,,0,AC,False,True,AC,,0,3,0,,1904;1905;1913,
453,495,0,,1,1114,0,1,False,0,,0,AC,False,True,AC,,0,1,0,,1114,
454,496,0,,0,,0,1,False,0,,0,AC,False,True,AC,,0,0,0,,,
455,497,0,,2,1188;1218,0,1,False,0,,0,AC,False,True,AC,,0,2,0,,1188;1218,
456,498,0,,6,87;1148;1193;1194;1278;1903,0,1,False,0,,0,AC,False,True,AC,,0,6,0,,87;1148;1193;1194;1278;1903,
457,499,0,,3,88;1189;1216,0,1,False,0,,0,AC,False,True,AC,,0,3,0,,88;1189;1216,
458,500,0,,0,,0,1,False,0,,0,AC,False,True,AC,,0,0,0,,,
459,501,0,,1,1114,0,1,False,0,,0,AC,False,True,AC,,0,1,0,,1114,
460,502,0,,3,204;1206;1903,0,1,False,0,,0,AC,False,True,AC,,0,3,0,,204;1206;1903,
461,503,0,,0,,0,1,False,0,,0,AC,False,True,AC,,0,0,0,,,
462,504,2,FARRAGUT;FARRAGUT,0,,0,2,False,1,1215,0,DC;DC,True,True,DC,,2,8,2,FARRAGUT;FARRAGUT,1215;1901;1902;1903;1904;1905;1906;1907,86;87
463,505,0,,1,87,0,1,False,0,,0,AC,False,True,AC,,0,1,0,,87,
464,506,0,,2,1906;1907,0,1,False,0,,0,AC,False,True,AC,,0,2,0,,1906;1907,
465,507,0,,5,203;1193;1206;1217;1905,0,1,False,0,,0,AC,False,True,AC,,0,5,0,,203;1193;1206;1217;1905,
466,508,0,,2,1150;1283,0,1,False,0,,0,AC,False,True,AC,,0,2,0,,1150;1283,
467,509,0,,0,,0,1,False,0,,0,AC,False,True,AC,,0,0,0,,,
468,510,0,,6,203;204;1188;1206;1278;1905,0,2,False,1,1215,0,AC;AC,False,True,AC,,0,7,0,,203;204;1188;1206;1215;1278;1905,
469,511,0,,3,1148;1278;1912,0,1,False,0,,0,AC,False,True,AC,,0,3,0,,1148;1278;1912,
470,512,0,,1,87,0,1,False,0,,0,AC,False,True,AC,,0,1,0,,87,
471,513,0,,1,1189,0,1,False,0,,0,AC,False,True,AC,,0,1,0,,1189,
472,514,0,,2,1193;1907,0,1,False,0,,0,AC,False,True,AC,,0,2,0,,1193;1907,
473,515,1,FARRAGUT,1,1193,0,1,False,0,,0,AC,False,True,AC,,1,3,2,FARRAGUT,1193;1905;1906,86;87
474,516,1,FARRAGUT,3,87;1206;1218,0,2,False,1,1215,0,DC;DC,True,True,DC,,1,9,2,FARRAGUT,87;1206;1215;1218;1901;1902;1903;1904;1907,86;87
475,517,0,,2,1150;1284,0,1,False,0,,0,AC,False,True,AC,,0,2,0,,1150;1284,
476,518,0,,2,1283;1904,0,1,False,0,,0,AC,False,True,AC,,0,2,0,,1283;1904,
477,519,1,FARRAGUT,3,1148;1150;1284,0,1,False,0,,0,AC,False,True,AC,,1,5,2,FARRAGUT,1148;1150;1284;1905;1906,86;87
478,520,0,,2,1188;1906,0,1,False,0,,0,AC,False,True,AC,,0,2,0,,1188;1906,
479,521,0,,5,88;1114;1148;1278;1912,0,1,False,0,,0,AC,False,True,AC,,0,5,0,,88;1114;1148;1278;1912,
480,522,1,FARRAGUT,3,1217;1218;1278,0,5,False,16,53;54;1144;1145;1146;1147;1215;1216;1219;1271;1273;1274;1275;1281;1282;2226,7,DC;DC;DC;DC;DC,True,True,DC,,8,31,3,UNKNOWN129913;CORONA;TAP135493;JAMAICA;HUDSON AVENUE;FARRAGUT;JAMAICA;FARRAGUT,53;54;1144;1145;1146;1147;1212;1213;1214;1215;1216;1217;1218;1219;1271;1273;1274;1275;1278;1281;1282;1283;1284;1901;1902;1903;1904;1905;1906;1907;2226,54;86;87
481,523,1,FARRAGUT,4,1189;1193;1217;1283,0,2,False,2,1215;1284,2,DC;DC,True,True,DC,,3,13,2,HUDSON AVENUE;FARRAGUT;FARRAGUT,1189;1193;1215;1217;1283;1284;1901;1902;1903;1904;1905;1906;1907,86;87
482,524,1,FARRAGUT,2,1189;1219,0,2,False,1,1215,0,DC;DC,True,True,DC,,1,8,2,FARRAGUT,1189;1215;1219;1901;1902;1903;1904;1907,86;87
483,525,1,FARRAGUT,4,87;88;1193;1903,0,2,False,1,1215,2,AC;AC,False,True,AC,,3,7,3,UNKNOWN124169;UNKNOWN124169;FARRAGUT,87;88;1193;1215;1903;1905;1906,3;86;87
484,526,1,FARRAGUT,4,87;1114;1193;1219,0,4,False,6,1115;1116;1194;1204;1205;1215,0,AC;AC;AC;AC,False,True,AC,,1,12,2,FARRAGUT,87;1114;1115;1116;1193;1194;1204;1205;1215;1219;1905;1906,86;87
485,527,0,,0,,0,1,False,0,,0,AC,False,True,AC,,0,0,0,,,
486,528,0,,3,1150;1284;1906,0,1,False,0,,0,AC,False,True,AC,,0,3,0,,1150;1284;1906,
487,529,0,,1,1284,0,1,False,0,,0,AC,False,True,AC,,0,1,0,,1284,
488,530,0,,3,1219;1907;1912,0,1,False,0,,0,AC,False,True,AC,,0,3,0,,1219;1907;1912,
489,531,0,,1,1912,0,1,False,0,,0,AC,False,True,AC,,0,1,0,,1912,
490,532,1,FARRAGUT,4,87;1114;1278;1283,0,1,False,0,,0,AC,False,True,AC,,1,6,2,FARRAGUT,87;1114;1278;1283;1905;1906,86;87
491,533,0,,4,1193;1216;1283;1904,0,1,False,0,,0,AC,False,True,AC,,0,4,0,,1193;1216;1283;1904,
492,534,0,,3,87;1149;1188,0,1,False,0,,0,AC,False,True,AC,,0,3,0,,87;1149;1188,
493,535,0,,5,1114;1148;1216;1283;1903,0,1,False,0,,0,AC,False,True,AC,,0,5,0,,1114;1148;1216;1283;1903,
494,536,1,FARRAGUT,3,1149;1189;1904,0,1,False,0,,0,AC,False,True,AC,,1,5,2,FARRAGUT,1149;1189;1904;1905;1906,86;87
495,537,0,,4,1217;1278;1284;1903,0,1,False,0,,0,AC,False,True,AC,,0,4,0,,1217;1278;1284;1903,
496,538,0,,3,88;1903;1904,0,1,False,0,,0,AC,False,True,AC,,0,3,0,,88;1903;1904,
497,539,1,FARRAGUT,1,1904,0,2,False,1,1215,0,DC;DC,True,True,DC,,1,6,2,FARRAGUT,1215;1901;1902;1903;1904;1907,86;87
498,540,0,,3,87;204;1278,0,1,False,0,,0,AC,False,True,AC,,0,3,0,,87;204;1278,
499,541,0,,0,,0,1,False,0,,0,AC,False,True,AC,,0,0,0,,,
500,542,0,,4,87;88;1206;1219,0,2,False,1,1215,2,AC;AC,False,True,AC,,2,5,1,UNKNOWN124169;UNKNOWN124169,87;88;1206;1215;1219,3
501,543,0,,5,1149;1194;1218;1904;1912,0,1,False,0,,0,AC,False,True,AC,,0,5,0,,1149;1194;1218;1904;1912,
502,544,0,,1,1148,0,1,False,0,,0,AC,False,True,AC,,0,1,0,,1148,
503,545,0,,7,204;1148;1150;1194;1905;1907;1912,0,1,False,0,,0,AC,False,True,AC,,0,7,0,,204;1148;1150;1194;1905;1907;1912,
504,546,0,,4,1193;1283;1284;1903,0,1,False,0,,0,AC,False,True,AC,,0,4,0,,1193;1283;1284;1903,
505,547,1,FARRAGUT,2,1148;1278,2,2,False,1,1215,0,DC;DC,True,True,DC,,3,8,4,GOWANUS;FARRAGUT;GOWANUS,1148;1215;1278;1901;1902;1903;1904;1907,82;83;86;87
506,548,0,,2,1193;1194,0,1,False,0,,0,AC,False,True,AC,,0,2,0,,1193;1194,
507,549,1,FARRAGUT,2,1278;1283,0,2,False,2,1215;1284,2,DC;DC,True,True,DC,,3,11,2,HUDSON AVENUE;FARRAGUT;FARRAGUT,1215;1278;1283;1284;1901;1902;1903;1904;1905;1906;1907,86;87
508,550,0,,1,1194,0,1,False,0,,0,AC,False,True,AC,,0,1,0,,1194,
509,551,0,,4,1189;1194;1219;1284,0,1,False,0,,0,AC,False,True,AC,,0,4,0,,1189;1194;1219;1284,
510,552,0,,2,1188;1218,0,1,False,0,,0,AC,False,True,AC,,0,2,0,,1188;1218,
511,553,0,,2,1149;1905,0,1,False,0,,0,AC,False,True,AC,,0,2,0,,1149;1905,
512,554,0,,1,87,0,1,False,0,,0,AC,False,True,AC,,0,1,0,,87,
513,555,1,FARRAGUT,5,87;203;1188;1219;1284,0,1,False,0,,0,AC,False,True,AC,,1,7,2,FARRAGUT,87;203;1188;1219;1284;1905;1906,86;87
514,556,0,,7,87;88;1148;1193;1206;1217;1912,0,2,False,1,1215,2,AC;AC,False,True,AC,,2,8,1,UNKNOWN124169;UNKNOWN124169,87;88;1148;1193;1206;1215;1217;1912,3
515,557,0,,2,87;1148,0,1,False,0,,0,AC,False,True,AC,,0,2,0,,87;1148,
516,558,0,,3,1206;1216;1903,0,1,False,0,,0,AC,False,True,AC,,0,3,0,,1206;1216;1903,
517,559,0,,1,1150,0,1,False,0,,0,AC,False,True,AC,,0,1,0,,1150,
518,560,1,FARRAGUT,2,1216;1283,0,1,False,0,,0,AC,False,True,AC,,1,4,2,FARRAGUT,1216;1283;1905;1906,86;87
519,561,0,,2,204;1219,0,1,False,0,,0,AC,False,True,AC,,0,2,0,,204;1219,
520,562,0,,2,203;1193,0,1,False,0,,0,AC,False,True,AC,,0,2,0,,203;1193,
521,563,0,,3,1193;1218;1912,0,1,False,0,,0,AC,False,True,AC,,0,3,0,,1193;1218;1912,
522,564,0,,1,1905,0,1,False,0,,0,AC,False,True,AC,,0,1,0,,1905,
523,565,0,,1,1912,0,1,False,0,,0,AC,False,True,AC,,0,1,0,,1912,
524,566,0,,1,1149,0,1,False,0,,0,AC,False,True,AC,,0,1,0,,1149,
525,567,0,,1,1284,0,1,False,0,,0,AC,False,True,AC,,0,1,0,,1284,
526,568,0,,2,1149;1283,0,1,False,0,,0,AC,False,True,AC,,0,2,0,,1149;1283,
527,569,0,,3,1148;1194;1903,0,1,False,0,,0,AC,False,True,AC,,0,3,0,,1148;1194;1903,
528,570,1,FARRAGUT,3,203;1114;1150,0,1,False,0,,0,AC,False,True,AC,,1,5,2,FARRAGUT,203;1114;1150;1905;1906,86;87
529,571,0,,4,1193;1194;1903;1912,0,1,False,0,,0,AC,False,True,AC,,0,4,0,,1193;1194;1903;1912,
530,572,0,,2,1206;1905,0,1,False,0,,0,AC,False,True,AC,,0,2,0,,1206;1905,
531,573,0,,5,88;1219;1283;1906;1912,0,1,False,0,,0,AC,False,True,AC,,0,5,0,,88;1219;1283;1906;1912,
532,574,0,,3,1148;1189;1278,0,1,False,0,,0,AC,False,True,AC,,0,3,0,,1148;1189;1278,
533,575,1,FARRAGUT,6,1148;1189;1284;1903;1906;1913,2,3,False,7,1190;1191;1192;1208;1215;1283;1912,2,DC;AC;DC,True,True,DC,,5,18,4,GOWANUS;HUDSON AVENUE;FARRAGUT;GOWANUS;FARRAGUT,1148;1189;1190;1191;1192;1208;1215;1283;1284;1901;1902;1903;1904;1905;1906;1907;1912;1913,82;83;86;87
534,576,0,,1,88,0,1,False,0,,0,AC,False,True,AC,,0,1,0,,88,
535,577,1,FARRAGUT,6,88;1206;1218;1219;1912;1913,0,2,False,1,1215,0,AC;AC,False,True,AC,,1,9,2,FARRAGUT,88;1206;1215;1218;1219;1905;1906;1912;1913,86;87
536,578,0,,4,203;1150;1194;1912,0,1,False,0,,0,AC,False,True,AC,,0,4,0,,203;1150;1194;1912,
537,579,0,,3,1216;1278;1907,0,1,False,0,,0,AC,False,True,AC,,0,3,0,,1216;1278;1907,
538,580,2,FARRAGUT;FARRAGUT,5,87;204;1216;1217;1218,0,4,False,15,53;54;1144;1145;1146;1147;1215;1219;1271;1274;1275;1278;1281;1282;2226,5,DC;DC;DC;DC,True,True,DC,,7,32,3,UNKNOWN129913;CORONA;JAMAICA;HUDSON AVENUE;FARRAGUT;JAMAICA;FARRAGUT,53;54;87;204;1144;1145;1146;1147;1212;1213;1214;1215;1216;1217;1218;1219;1271;1274;1275;1278;1281;1282;1283;1284;1901;1902;1903;1904;1905;1906;1907;2226,54;86;87
539,581,1,FARRAGUT,2,1216;1218,0,1,False,0,,0,AC,False,True,AC,,1,4,2,FARRAGUT,1216;1218;1905;1906,86;87
540,582,0,,3,1150;1193;1904,0,1,False,0,,0,AC,False,True,AC,,0,3,0,,1150;1193;1904,
541,583,1,FARRAGUT,0,,0,2,False,1,1215,0,DC;DC,True,True,DC,,1,6,2,FARRAGUT,1215;1901;1902;1903;1904;1907,86;87
542,584,0,,2,1149;1217,0,1,False,0,,0,AC,False,True,AC,,0,2,0,,1149;1217,
543,585,0,,1,1148,0,1,False,0,,0,AC,False,True,AC,,0,1,0,,1148,
544,586,0,,6,87;1149;1193;1217;1218;1283,0,1,False,0,,0,AC,False,True,AC,,0,6,0,,87;1149;1193;1217;1218;1283,
545,587,1,FARRAGUT,1,1284,0,1,False,0,,0,AC,False,True,AC,,1,3,2,FARRAGUT,1284;1905;1906,86;87
546,588,0,,1,88,0,1,False,0,,0,AC,False,True,AC,,0,1,0,,88,
547,589,0,,1,1283,0,1,False,0,,0,AC,False,True,AC,,0,1,0,,1283,
548,590,0,,0,,0,1,False,0,,0,AC,False,True,AC,,0,0,0,,,
549,591,0,,4,1150;1188;1219;1904,0,1,False,0,,0,AC,False,True,AC,,0,4,0,,1150;1188;1219;1904,
550,592,2,FARRAGUT;FARRAGUT,1,1905,0,2,False,1,1215,0,DC;DC,True,True,DC,,2,8,2,FARRAGUT;FARRAGUT,1215;1901;1902;1903;1904;1905;1906;1907,86;87
551,593,0,,3,204;1216;1218,0,1,False,0,,0,AC,False,True,AC,,0,3,0,,204;1216;1218,
552,594,0,,3,203;1148;1189,0,1,False,0,,0,AC,False,True,AC,,0,3,0,,203;1148;1189,
553,595,0,,1,1906,0,1,False,0,,0,AC,False,True,AC,,0,1,0,,1906,
554,596,0,,4,1284;1904;1906;1907,0,1,False,0,,0,AC,False,True,AC,,0,4,0,,1284;1904;1906;1907,
555,597,0,,1,1284,0,1,False,0,,0,AC,False,True,AC,,0,1,0,,1284,
556,598,0,,2,88;1284,0,1,False,0,,0,AC,False,True,AC,,0,2,0,,88;1284,
557,599,0,,3,1194;1217;1219,0,1,False,0,,0,AC,False,True,AC,,0,3,0,,1194;1217;1219,
558,600,1,FARRAGUT,2,1149;1194,0,1,False,0,,0,AC,False,True,AC,,1,4,2,FARRAGUT,1149;1194;1905;1906,86;87
559,601,1,FARRAGUT,3,1284;1903;1907,0,5,False,6,1116;1117;1118;1200;1215;2219,0,AC;AC;AC;AC;AC,False,True,AC,,1,11,2,FARRAGUT,1116;1117;1118;1200;1215;1284;1903;1905;1906;1907;2219,86;87
560,602,0,,1,203,0,1,False,0,,0,AC,False,True,AC,,0,1,0,,203,
561,603,0,,2,203;1216,0,1,False,0,,0,AC,False,True,AC,,0,2,0,,203;1216,
562,604,1,FARRAGUT,4,87;1217;1219;1907,0,5,False,6,1116;1117;1118;1200;1215;2219,0,AC;AC;AC;AC;AC,False,True,AC,,1,12,2,FARRAGUT,87;1116;1117;1118;1200;1215;1217;1219;1905;1906;1907;2219,86;87
563,605,1,FARRAGUT,1,1189,0,2,False,1,1215,0,DC;DC,True,True,DC,,1,7,2,FARRAGUT,1189;1215;1901;1902;1903;1904;1907,86;87
564,606,0,,3,87;204;1219,0,1,False,0,,0,AC,False,True,AC,,0,3,0,,87;204;1219,
565,607,0,,3,88;1148;1149,0,1,False,0,,0,AC,False,True,AC,,0,3,0,,88;1148;1149,
566,608,0,,1,1114,0,1,False,0,,0,AC,False,True,AC,,0,1,0,,1114,
567,609,0,,1,204,0,1,False,0,,0,AC,False,True,AC,,0,1,0,,204,
568,610,0,,6,87;88;1150;1905;1912;1913,0,3,False,2,1215;1906,2,AC;AC;AC,False,True,AC,,2,8,1,UNKNOWN124169;UNKNOWN124169,87;88;1150;1215;1905;1906;1912;1913,3
569,611,0,,1,88,0,1,False,0,,0,AC,False,True,AC,,0,1,0,,88,
570,612,0,,4,1150;1189;1194;1283,0,1,False,0,,0,AC,False,True,AC,,0,4,0,,1150;1189;1194;1283,
571,613,0,,3,1150;1188;1283,0,1,False,0,,0,AC,False,True,AC,,0,3,0,,1150;1188;1283,
572,614,2,FARRAGUT;FARRAGUT,4,1148;1219;1283;1284,3,2,False,1,1215,0,AC;AC,False,True,AC,,5,12,4,GOWANUS;HUDSON AVENUE;FARRAGUT;GOWANUS;FARRAGUT,1148;1215;1219;1283;1284;1901;1902;1903;1904;1905;1906;1907,82;83;86;87
573,615,0,,2,1219;1283,0,1,False,0,,0,AC,False,True,AC,,0,2,0,,1219;1283,
574,616,0,,4,1189;1216;1219;1905,0,1,False,0,,0,AC,False,True,AC,,0,4,0,,1189;1216;1219;1905,
575,617,1,FARRAGUT,2,1194;1218,0,2,False,1,1215,0,DC;DC,True,True,DC,,1,8,2,FARRAGUT,1194;1215;1218;1901;1902;1903;1904;1907,86;87
576,618,0,,2,1284;1905,0,1,False,0,,0,AC,False,True,AC,,0,2,0,,1284;1905,
577,619,0,,1,1906,0,1,False,0,,0,AC,False,True,AC,,0,1,0,,1906,
578,620,0,,2,88;1284,0,1,False,0,,0,AC,False,True,AC,,0,2,0,,88;1284,
579,621,0,,2,1216;1905,0,1,False,0,,0,AC,False,True,AC,,0,2,0,,1216;1905,
580,622,1,FARRAGUT,1,204,0,1,False,0,,0,AC,False,True,AC,,1,3,2,FARRAGUT,204;1905;1906,86;87
581,623,1,FARRAGUT,6,1148;1194;1278;1283;1904;1906,2,2,False,2,1215;1284,2,DC;AC,True,True,AC,,5,13,4,GOWANUS;HUDSON AVENUE;FARRAGUT;GOWANUS;FARRAGUT,1148;1194;1215;1278;1283;1284;1901;1902;1903;1904;1905;1906;1907,82;83;86;87
582,624,2,FARRAGUT;FARRAGUT,5,87;1189;1194;1216;1284,0,2,False,1,1215,0,DC;DC,True,True,DC,,2,13,2,FARRAGUT;FARRAGUT,87;1189;1194;1215;1216;1284;1901;1902;1903;1904;1905;1906;1907,86;87
583,625,0,,0,,0,1,False,0,,0,AC,False,True,AC,,0,0,0,,,
584,626,0,,3,1148;1283;1912,0,1,False,0,,0,AC,False,True,AC,,0,3,0,,1148;1283;1912,
585,627,0,,3,203;1149;1189,0,1,False,0,,0,AC,False,True,AC,,0,3,0,,203;1149;1189,
586,628,0,,3,1150;1219;1283,0,1,False,0,,0,AC,False,True,AC,,0,3,0,,1150;1219;1283,
587,629,1,FARRAGUT,1,1218,0,1,False,0,,0,AC,False,True,AC,,1,3,2,FARRAGUT,1218;1905;1906,86;87
588,630,1,FARRAGUT,4,87;1194;1219;1903,0,1,False,0,,0,AC,False,True,AC,,1,6,2,FARRAGUT,87;1194;1219;1903;1905;1906,86;87
589,631,0,,1,1189,0,1,False,0,,0,AC,False,True,AC,,0,1,0,,1189,
590,632,1,FARRAGUT,1,203,0,2,False,1,1215,0,DC;DC,True,True,DC,,1,7,2,FARRAGUT,203;1215;1901;1902;1903;1904;1907,86;87
591,633,1,FARRAGUT,0,,0,2,False,1,1215,0,DC;DC,True,True,DC,,1,6,2,FARRAGUT,1215;1901;1902;1903;1904;1907,86;87
592,634,0,,2,1188;1283,0,1,False,0,,0,AC,False,True,AC,,0,2,0,,1188;1283,
593,635,0,,1,1906,0,1,False,0,,0,AC,False,True,AC,,0,1,0,,1906,
594,636,1,FARRAGUT,3,87;1188;1193,0,1,False,0,,0,AC,False,True,AC,,1,5,2,FARRAGUT,87;1188;1193;1905;1906,86;87
595,637,0,,4,88;1148;1149;1278,0,1,False,0,,0,AC,False,True,AC,,0,4,0,,88;1148;1149;1278,
596,638,0,,5,1150;1188;1206;1219;1913,0,1,False,0,,0,AC,False,True,AC,,0,5,0,,1150;1188;1206;1219;1913,
597,639,0,,4,203;1188;1218;1284,0,1,False,0,,0,AC,False,True,AC,,0,4,0,,203;1188;1218;1284,
598,640,0,,2,1216;1912,0,1,False,0,,0,AC,False,True,AC,,0,2,0,,1216;1912,
599,641,1,FARRAGUT,5,203;204;1189;1217;1219,0,5,False,18,53;54;1144;1145;1146;1147;1215;1216;1218;1271;1274;1275;1278;1279;1280;1281;1282;2226,11,DC;DC;DC;DC;DC,True,True,DC,,12,41,3,UNKNOWN129913;CORONA;TAP135492;TAP135493;FAR ROCKAWAY;HEWLETT;WOODMERE;JAMAICA;HUDSON AVENUE;FARRAGUT;JAMAICA;FARRAGUT,53;54;203;204;1144;1145;1146;1147;1189;1212;1213;1214;1215;1216;1217;1218;1219;1269;1270;1271;1272;1273;1274;1275;1276;1277;1278;1279;1280;1281;1282;1283;1284;1901;1902;1903;1904;1905;1906;1907;2226,54;86;87
600,642,0,,2,87;1912,0,1,False,0,,0,AC,False,True,AC,,0,2,0,,87;1912,
601,643,2,FARRAGUT;FARRAGUT,1,1148,2,2,False,1,1215,0,AC;AC,False,True,AC,,4,9,4,GOWANUS;FARRAGUT;GOWANUS;FARRAGUT,1148;1215;1901;1902;1903;1904;1905;1906;1907,82;83;86;87
602,644,0,,2,204;1218,0,1,False,0,,0,AC,False,True,AC,,0,2,0,,204;1218,
603,645,0,,3,1189;1283;1905,0,1,False,0,,0,AC,False,True,AC,,0,3,0,,1189;1283;1905,
604,646,0,,2,87;88,0,2,False,1,1215,2,AC;AC,False,True,AC,,2,3,1,UNKNOWN124169;UNKNOWN124169,87;88;1215,3
605,647,1,FARRAGUT,2,88;1284,0,1,False,0,,0,AC,False,True,AC,,1,4,2,FARRAGUT,88;1284;1905;1906,86;87
606,648,0,,2,1188;1905,0,1,False,0,,0,AC,False,True,AC,,0,2,0,,1188;1905,
607,649,0,,3,203;1219;1284,0,1,False,0,,0,AC,False,True,AC,,0,3,0,,203;1219;1284,
608,650,0,,1,1219,0,1,False,0,,0,AC,False,True,AC,,0,1,0,,1219,
609,651,1,FARRAGUT,1,1216,0,2,False,1,1215,0,DC;DC,True,True,DC,,1,7,2,FARRAGUT,1215;1216;1901;1902;1903;1904;1907,86;87
610,652,1,FARRAGUT,1,1278,0,1,False,0,,0,AC,False,True,AC,,1,3,2,FARRAGUT,1278;1905;1906,86;87
611,653,0,,2,87;1148,0,1,False,0,,0,AC,False,True,AC,,0,2,0,,87;1148,
612,654,0,,2,1284;1903,0,1,False,0,,0,AC,False,True,AC,,0,2,0,,1284;1903,
613,655,1,FARRAGUT,0,,0,1,False,0,,0,AC,False,True,AC,,1,2,2,FARRAGUT,1905;1906,86;87
614,656,0,,1,1906,0,1,False,0,,0,AC,False,True,AC,,0,1,0,,1906,
615,657,0,,0,,0,1,False,0,,0,AC,False,True,AC,,0,0,0,,,
616,658,1,FARRAGUT,3,1194;1206;1903,0,1,False,0,,0,AC,False,True,AC,,1,5,2,FARRAGUT,1194;1206;1903;1905;1906,86;87
617,659,2,FARRAGUT;FARRAGUT,3,1114;1217;1218,0,2,False,1,1215,0,DC;DC,True,True,DC,,2,11,2,FARRAGUT;FARRAGUT,1114;1215;1217;1218;1901;1902;1903;1904;1905;1906;1907,86;87
618,660,0,,1,1284,0,1,False,0,,0,AC,False,True,AC,,0,1,0,,1284,
619,661,0,,3,203;1148;1284,0,1,False,0,,0,AC,False,True,AC,,0,3,0,,203;1148;1284,
620,662,2,FARRAGUT;FARRAGUT,3,1188;1189;1216,0,2,False,1,1215,0,DC;DC,True,True,DC,,2,11,2,FARRAGUT;FARRAGUT,1188;1189;1215;1216;1901;1902;1903;1904;1905;1906;1907,86;87
621,663,1,FARRAGUT,3,1148;1150;1284,2,2,False,2,1215;1283,2,DC;AC,True,True,AC,,5,12,4,GOWANUS;HUDSON AVENUE;FARRAGUT;GOWANUS;FARRAGUT,1148;1150;1215;1283;1284;1901;1902;1903;1904;1905;1906;1907,82;83;86;87
622,664,0,,4,88;1149;1904;1906,0,1,False,0,,0,AC,False,True,AC,,0,4,0,,88;1149;1904;1906,
623,665,0,,4,88;1148;1283;1284,0,1,False,0,,0,AC,False,True,AC,,0,4,0,,88;1148;1283;1284,
624,666,0,,1,1906,0,1,False,0,,0,AC,False,True,AC,,0,1,0,,1906,
625,667,1,FARRAGUT,4,1189;1194;1218;1903,0,2,False,1,1215,0,DC;DC,True,True,DC,,1,9,2,FARRAGUT,1189;1194;1215;1218;1901;1902;1903;1904;1907,86;87
626,668,0,,4,88;1148;1218;1284,0,1,False,0,,0,AC,False,True,AC,,0,4,0,,88;1148;1218;1284,
627,669,2,FARRAGUT;FARRAGUT,0,,0,2,False,1,1215,0,DC;DC,True,True,DC,,2,8,2,FARRAGUT;FARRAGUT,1215;1901;1902;1903;1904;1905;1906;1907,86;87
628,670,0,,2,1284;1912,0,1,False,0,,0,AC,False,True,AC,,0,2,0,,1284;1912,
629,671,0,,1,1114,0,1,False,0,,0,AC,False,True,AC,,0,1,0,,1114,
630,672,0,,1,87,0,1,False,0,,0,AC,False,True,AC,,0,1,0,,87,
631,673,0,,5,204;1150;1283;1903;1905,0,1,False,0,,0,AC,False,True,AC,,0,5,0,,204;1150;1283;1903;1905,
632,674,0,,3,1217;1278;1283,0,1,False,0,,0,AC,False,True,AC,,0,3,0,,1217;1278;1283,
633,675,0,,4,1188;1193;1206;1283,0,1,False,0,,0,AC,False,True,AC,,0,4,0,,1188;1193;1206;1283,
634,676,0,,3,87;1218;1903,0,1,False,0,,0,AC,False,True,AC,,0,3,0,,87;1218;1903,
635,677,1,FARRAGUT,0,,0,2,False,1,1215,0,DC;DC,True,True,DC,,1,6,2,FARRAGUT,1215;1901;1902;1903;1904;1907,86;87
636,678,0,,3,87;1114;1283,0,1,False,0,,0,AC,False,True,AC,,0,3,0,,87;1114;1283,
637,679,0,,5,87;88;1149;1188;1907,0,2,False,1,1215,2,AC;DC,True,True,DC,,2,6,1,UNKNOWN124169;UNKNOWN124169,87;88;1149;1188;1215;1907,3
638,680,1,FARRAGUT,3,1149;1206;1219,0,2,False,2,1150;1215,3,DC;DC,True,True,DC,,4,11,4,UNKNOWN129920;GOWANUS;FARRAGUT;GOWANUS,1148;1149;1150;1206;1215;1219;1901;1902;1903;1904;1907,82;83;86;87
639,681,0,,2,1218;1912,0,1,False,0,,0,AC,False,True,AC,,0,2,0,,1218;1912,
640,682,0,,4,87;1206;1283;1903,0,1,False,0,,0,AC,False,True,AC,,0,4,0,,87;1206;1283;1903,
641,683,0,,4,1148;1188;1189;1219,0,1,False,0,,0,AC,False,True,AC,,0,4,0,,1148;1188;1189;1219,
642,684,0,,2,1150;1907,0,1,False,0,,0,AC,False,True,AC,,0,2,0,,1150;1907,
643,685,0,,2,1150;1284,0,1,False,0,,0,AC,False,True,AC,,0,2,0,,1150;1284,
644,686,0,,4,88;204;1218;1913,0,1,False,0,,0,AC,False,True,AC,,0,4,0,,88;204;1218;1913,
645,687,0,,0,,0,1,False,0,,0,AC,False,True,AC,,0,0,0,,,
646,688,1,FARRAGUT,6,1148;1188;1194;1216;1217;1284,2,2,False,2,1215;1283,2,DC;AC,True,True,AC,,5,15,4,GOWANUS;HUDSON AVENUE;FARRAGUT;GOWANUS;FARRAGUT,1148;1188;1194;1215;1216;1217;1283;1284;1901;1902;1903;1904;1905;1906;1907,82;83;86;87
647,689,0,,1,88,0,1,False,0,,0,AC,False,True,AC,,0,1,0,,88,
648,690,0,,1,204,0,1,False,0,,0,AC,False,True,AC,,0,1,0,,204,
649,691,0,,2,87;1193,0,1,False,0,,0,AC,False,True,AC,,0,2,0,,87;1193,
650,692,1,FARRAGUT,0,,0,2,False,1,1215,0,DC;DC,True,True,DC,,1,6,2,FARRAGUT,1215;1901;1902;1903;1904;1907,86;87
651,693,0,,4,1150;1283;1903;1913,0,1,False,0,,0,AC,False,True,AC,,0,4,0,,1150;1283;1903;1913,
652,694,0,,3,1114;1194;1284,0,1,False,0,,0,AC,False,True,AC,,0,3,0,,1114;1194;1284,
653,695,1,FARRAGUT,0,,0,2,False,1,1215,0,DC;DC,True,True,DC,,1,6,2,FARRAGUT,1215;1901;1902;1903;1904;1907,86;87
654,696,0,,2,88;203,0,1,False,0,,0,AC,False,True,AC,,0,2,0,,88;203,
655,697,1,FARRAGUT,2,1150;1189,0,2,False,2,1149;1215,3,DC;DC,True,True,DC,,4,10,4,UNKNOWN129920;GOWANUS;FARRAGUT;GOWANUS,1148;1149;1150;1189;1215;1901;1902;1903;1904;1907,82;83;86;87
656,698,0,,0,,0,1,False,0,,0,AC,False,True,AC,,0,0,0,,,
657,699,0,,0,,0,1,False,0,,0,AC,False,True,AC,,0,0,0,,,
658,700,0,,3,1216;1219;1912,0,1,False,0,,0,AC,False,True,AC,,0,3,0,,1216;1219;1912,
659,701,0,,3,1114;1283;1904,0,1,False,0,,0,AC,False,True,AC,,0,3,0,,1114;1283;1904,
660,702,0,,3,204;1206;1219,0,1,False,0,,0,AC,False,True,AC,,0,3,0,,204;1206;1219,
661,703,0,,3,1194;1218;1219,0,1,False,0,,0,AC,False,True,AC,,0,3,0,,1194;1218;1219,
662,704,0,,0,,0,1,False,0,,0,AC,False,True,AC,,0,0,0,,,
663,705,1,FARRAGUT,3,1218;1278;1284,0,1,False,0,,0,AC,False,True,AC,,1,5,2,FARRAGUT,1218;1278;1284;1905;1906,86;87
664,706,1,FARRAGUT,1,1149,0,2,False,2,1150;1215,3,DC;DC,True,True,DC,,4,9,4,UNKNOWN129920;GOWANUS;FARRAGUT;GOWANUS,1148;1149;1150;1215;1901;1902;1903;1904;1907,82;83;86;87
665,707,0,,3,88;1903;1905,0,1,False,0,,0,AC,False,True,AC,,0,3,0,,88;1903;1905,
666,708,0,,4,88;1148;1194;1283,0,1,False,0,,0,AC,False,True,AC,,0,4,0,,88;1148;1194;1283,
667,709,0,,2,88;1216,0,1,False,0,,0,AC,False,True,AC,,0,2,0,,88;1216,
668,710,1,FARRAGUT,9,204;1148;1188;1216;1218;1219;1283;1904;1907,0,5,False,16,53;54;1144;1145;1146;1147;1208;1215;1217;1271;1274;1275;1278;1281;1282;2226,5,AC;AC;DC;DC;AC,True,True,AC,,6,31,3,UNKNOWN129913;CORONA;JAMAICA;HUDSON AVENUE;JAMAICA;FARRAGUT,53;54;204;1144;1145;1146;1147;1148;1188;1208;1212;1213;1214;1215;1216;1217;1218;1219;1271;1274;1275;1278;1281;1282;1283;1284;1904;1905;1906;1907;2226,54;86;87
669,711,0,,5,1150;1188;1189;1219;1278,0,1,False,0,,0,AC,False,True,AC,,0,5,0,,1150;1188;1189;1219;1278,
670,712,0,,1,1283,0,1,False,0,,0,AC,False,True,AC,,0,1,0,,1283,
671,713,0,,2,88;1148,0,1,False,0,,0,AC,False,True,AC,,0,2,0,,88;1148,
672,714,1,FARRAGUT,3,1218;1283;1913,0,1,False,0,,0,AC,False,True,AC,,1,5,2,FARRAGUT,1218;1283;1905;1906;1913,86;87
673,715,0,,2,203;1149,0,1,False,0,,0,AC,False,True,AC,,0,2,0,,203;1149,
674,716,0,,2,1150;1278,0,1,False,0,,0,AC,False,True,AC,,0,2,0,,1150;1278,
675,717,0,,2,1283;1284,0,1,False,0,,0,AC,False,True,AC,,0,2,0,,1283;1284,
676,718,0,,2,1148;1904,0,1,False,0,,0,AC,False,True,AC,,0,2,0,,1148;1904,
677,719,0,,1,1206,0,1,False,0,,0,AC,False,True,AC,,0,1,0,,1206,
678,720,1,FARRAGUT,0,,0,1,False,0,,0,AC,False,True,AC,,1,2,2,FARRAGUT,1905;1906,86;87
679,721,0,,1,1906,0,1,False,0,,0,AC,False,True,AC,,0,1,0,,1906,
680,722,0,,5,1193;1194;1283;1903;1912,0,1,False,0,,0,AC,False,True,AC,,0,5,0,,1193;1194;1283;1903;1912,
681,723,0,,5,1148;1188;1206;1906;1913,0,1,False,0,,0,AC,False,True,AC,,0,5,0,,1148;1188;1206;1906;1913,
682,724,1,FARRAGUT,4,1148;1193;1194;1216,2,2,False,1,1215,0,DC;DC,True,True,DC,,3,10,4,GOWANUS;FARRAGUT;GOWANUS,1148;1193;1194;1215;1216;1901;1902;1903;1904;1907,82;83;86;87
683,725,0,,0,,0,1,False,0,,0,AC,False,True,AC,,0,0,0,,,
684,726,0,,2,1149;1216,0,1,False,0,,0,AC,False,True,AC,,0,2,0,,1149;1216,
685,727,0,,2,203;1904,0,1,False,0,,0,AC,False,True,AC,,0,2,0,,203;1904,
686,728,0,,1,1904,0,1,False,0,,0,AC,False,True,AC,,0,1,0,,1904,
687,729,0,,1,88,0,1,False,0,,0,AC,False,True,AC,,0,1,0,,88,
688,730,0,,4,87;1217;1904;1905,0,1,False,0,,0,AC,False,True,AC,,0,4,0,,87;1217;1904;1905,
689,731,0,,2,204;1150,0,1,False,0,,0,AC,False,True,AC,,0,2,0,,204;1150,
690,732,0,,5,1189;1194;1278;1284;1907,0,1,False,0,,0,AC,False,True,AC,,0,5,0,,1189;1194;1278;1284;1907,
691,733,1,FARRAGUT,0,,0,2,False,1,1215,0,DC;DC,True,True,DC,,1,6,2,FARRAGUT,1215;1901;1902;1903;1904;1907,86;87
692,734,0,,2,204;1188,0,1,False,0,,0,AC,False,True,AC,,0,2,0,,204;1188,
693,735,0,,2,1148;1912,0,1,False,0,,0,AC,False,True,AC,,0,2,0,,1148;1912,
694,736,0,,3,1148;1189;1216,0,1,False,0,,0,AC,False,True,AC,,0,3,0,,1148;1189;1216,
695,737,0,,2,1219;1906,0,1,False,0,,0,AC,False,True,AC,,0,2,0,,1219;1906,
696,738,0,,2,203;1284,0,1,False,0,,0,AC,False,True,AC,,0,2,0,,203;1284,
697,739,0,,1,204,0,1,False,0,,0,AC,False,True,AC,,0,1,0,,204,
698,740,0,,3,87;1188;1193,0,1,False,0,,0,AC,False,True,AC,,0,3,0,,87;1188;1193,
699,741,0,,3,1149;1188;1206,0,1,False,0,,0,AC,False,True,AC,,0,3,0,,1149;1188;1206,
700,742,0,,3,1189;1193;1904,0,1,False,0,,0,AC,False,True,AC,,0,3,0,,1189;1193;1904,
701,743,1,FARRAGUT,3,1114;1905;1906,0,1,False,0,,0,AC,False,True,AC,,1,3,2,FARRAGUT,1114;1905;1906,86;87
702,744,0,,4,1149;1188;1216;1905,0,1,False,0,,0,AC,False,True,AC,,0,4,0,,1149;1188;1216;1905,
703,745,0,,3,1188;1218;1905,0,1,False,0,,0,AC,False,True,AC,,0,3,0,,1188;1218;1905,
704,746,0,,2,1194;1284,0,1,False,0,,0,AC,False,True,AC,,0,2,0,,1194;1284,
705,747,0,,3,1188;1194;1906,0,1,False,0,,0,AC,False,True,AC,,0,3,0,,1188;1194;1906,
706,748,0,,1,1206,0,1,False,0,,0,AC,False,True,AC,,0,1,0,,1206,
707,749,0,,3,1149;1188;1218,0,1,False,0,,0,AC,False,True,AC,,0,3,0,,1149;1188;1218,
708,750,0,,4,203;1188;1217;1219,0,1,False,0,,0,AC,False,True,AC,,0,4,0,,203;1188;1217;1219,
709,751,0,,2,1114;1903,0,1,False,0,,0,AC,False,True,AC,,0,2,0,,1114;1903,
710,752,0,,2,88;1906,0,1,False,0,,0,AC,False,True,AC,,0,2,0,,88;1906,
711,753,0,,3,1150;1189;1194,0,1,False,0,,0,AC,False,True,AC,,0,3,0,,1150;1189;1194,
712,754,0,,4,204;1217;1278;1912,0,1,False,0,,0,AC,False,True,AC,,0,4,0,,204;1217;1278;1912,
713,755,0,,3,1148;1193;1906,0,1,False,0,,0,AC,False,True,AC,,0,3,0,,1148;1193;1906,
714,756,0,,2,1217;1278,0,1,False,0,,0,AC,False,True,AC,,0,2,0,,1217;1278,
715,757,0,,2,1218;1904,0,1,False,0,,0,AC,False,True,AC,,0,2,0,,1218;1904,
716,758,0,,2,1188;1278,0,1,False,0,,0,AC,False,True,AC,,0,2,0,,1188;1278,
717,759,0,,2,204;1278,0,1,False,0,,0,AC,False,True,AC,,0,2,0,,204;1278,
718,760,0,,3,1150;1189;1218,0,1,False,0,,0,AC,False,True,AC,,0,3,0,,1150;1189;1218,
719,761,0,,1,1189,0,1,False,0,,0,AC,False,True,AC,,0,1,0,,1189,
720,762,0,,5,204;1150;1189;1284;1905,0,1,False,0,,0,AC,False,True,AC,,0,5,0,,204;1150;1189;1284;1905,
721,763,0,,5,204;1216;1218;1283;1905,0,1,False,0,,0,AC,False,True,AC,,0,5,0,,204;1216;1218;1283;1905,
722,764,0,,3,88;1148;1283,0,1,False,0,,0,AC,False,True,AC,,0,3,0,,88;1148;1283,
723,765,0,,3,1149;1188;1217,0,1,False,0,,0,AC,False,True,AC,,0,3,0,,1149;1188;1217,
724,766,0,,4,1149;1188;1283;1905,0,1,False,0,,0,AC,False,True,AC,,0,4,0,,1149;1188;1283;1905,
725,767,0,,1,1189,0,1,False,0,,0,AC,False,True,AC,,0,1,0,,1189,
726,768,0,,4,203;1188;1905;1907,0,1,False,0,,0,AC,False,True,AC,,0,4,0,,203;1188;1905;1907,
727,769,0,,4,1148;1189;1284;1913,0,1,False,0,,0,AC,False,True,AC,,0,4,0,,1148;1189;1284;1913,
728,770,0,,3,1148;1218;1283,0,1,False,0,,0,AC,False,True,AC,,0,3,0,,1148;1218;1283,
729,771,0,,2,1189;1912,0,1,False,0,,0,AC,False,True,AC,,0,2,0,,1189;1912,
730,772,0,,0,,0,1,False,0,,0,AC,False,True,AC,,0,0,0,,,
731,773,1,FARRAGUT,5,1193;1206;1216;1903;1907,0,2,False,1,1215,0,DC;DC,True,True,DC,,1,9,2,FARRAGUT,1193;1206;1215;1216;1901;1902;1903;1904;1907,86;87
732,774,0,,1,1283,0,1,False,0,,0,AC,False,True,AC,,0,1,0,,1283,
733,775,0,,2,1189;1206,0,1,False,0,,0,AC,False,True,AC,,0,2,0,,1189;1206,
734,776,1,FARRAGUT,2,1218;1278,0,2,False,1,1215,0,DC;DC,True,True,DC,,1,8,2,FARRAGUT,1215;1218;1278;1901;1902;1903;1904;1907,86;87
735,777,0,,3,1188;1217;1278,0,1,False,0,,0,AC,False,True,AC,,0,3,0,,1188;1217;1278,
736,778,1,FARRAGUT,1,204,0,1,False,0,,0,AC,False,True,AC,,1,3,2,FARRAGUT,204;1905;1906,86;87
737,779,1,FARRAGUT,3,1216;1283;1913,0,1,False,0,,0,AC,False,True,AC,,1,5,2,FARRAGUT,1216;1283;1905;1906;1913,86;87
738,780,0,,4,1114;1217;1218;1905,0,1,False,0,,0,AC,False,True,AC,,0,4,0,,1114;1217;1218;1905,
739,781,0,,3,88;1278;1283,0,1,False,0,,0,AC,False,True,AC,,0,3,0,,88;1278;1283,
740,782,1,FARRAGUT,1,1188,0,2,False,1,1215,0,DC;DC,True,True,DC,,1,7,2,FARRAGUT,1188;1215;1901;1902;1903;1904;1907,86;87
741,783,0,,1,204,0,1,False,0,,0,AC,False,True,AC,,0,1,0,,204,
742,784,0,,2,1188;1905,0,1,False,0,,0,AC,False,True,AC,,0,2,0,,1188;1905,
743,785,0,,3,1189;1219;1912,0,1,False,0,,0,AC,False,True,AC,,0,3,0,,1189;1219;1912,
744,786,1,FARRAGUT,2,1188;1284,0,1,False,0,,0,AC,False,True,AC,,1,4,2,FARRAGUT,1188;1284;1905;1906,86;87
745,787,1,FARRAGUT,2,1149;1284,0,2,False,3,1150;1215;1283,5,DC;DC,True,True,DC,,6,13,4,UNKNOWN129920;GOWANUS;HUDSON AVENUE;FARRAGUT;GOWANUS;FARRAGUT,1148;1149;1150;1215;1283;1284;1901;1902;1903;1904;1905;1906;1907,82;83;86;87
746,788,0,,1,1218,0,1,False,0,,0,AC,False,True,AC,,0,1,0,,1218,
747,789,1,FARRAGUT,2,203;1150,0,2,False,2,1149;1215,3,DC;DC,True,True,DC,,4,10,4,UNKNOWN129920;GOWANUS;FARRAGUT;GOWANUS,203;1148;1149;1150;1215;1901;1902;1903;1904;1907,82;83;86;87
748,790,0,,1,1217,0,1,False,0,,0,AC,False,True,AC,,0,1,0,,1217,
749,791,0,,3,1284;1903;1905,0,1,False,0,,0,AC,False,True,AC,,0,3,0,,1284;1903;1905,
750,792,0,,2,1283;1905,0,1,False,0,,0,AC,False,True,AC,,0,2,0,,1283;1905,
751,793,0,,2,1149;1217,0,1,False,0,,0,AC,False,True,AC,,0,2,0,,1149;1217,
752,794,0,,1,1284,0,1,False,0,,0,AC,False,True,AC,,0,1,0,,1284,
753,795,0,,2,1150;1194,0,1,False,0,,0,AC,False,True,AC,,0,2,0,,1150;1194,
754,796,0,,2,1206;1283,0,1,False,0,,0,AC,False,True,AC,,0,2,0,,1206;1283,
755,797,0,,1,1283,0,1,False,0,,0,AC,False,True,AC,,0,1,0,,1283,
756,798,0,,1,1189,0,1,False,0,,0,AC,False,True,AC,,0,1,0,,1189,
757,799,0,,4,88;1218;1219;1904,0,1,False,0,,0,AC,False,True,AC,,0,4,0,,88;1218;1219;1904,
758,800,1,FARRAGUT,3,203;1283;1907,0,5,False,6,1116;1117;1118;1200;1215;2219,0,AC;AC;AC;AC;AC,False,True,AC,,1,11,2,FARRAGUT,203;1116;1117;1118;1200;1215;1283;1905;1906;1907;2219,86;87
759,801,1,FARRAGUT,2,1218;1904,0,2,False,1,1215,0,DC;DC,True,True,DC,,1,7,2,FARRAGUT,1215;1218;1901;1902;1903;1904;1907,86;87
760,802,0,,3,87;1148;1217,0,1,False,0,,0,AC,False,True,AC,,0,3,0,,87;1148;1217,
761,803,0,,3,1216;1283;1906,0,1,False,0,,0,AC,False,True,AC,,0,3,0,,1216;1283;1906,
762,804,0,,3,1149;1189;1907,0,1,False,0,,0,AC,False,True,AC,,0,3,0,,1149;1189;1907,
763,805,2,FARRAGUT;FARRAGUT,1,1904,0,2,False,1,1215,0,DC;DC,True,True,DC,,2,8,2,FARRAGUT;FARRAGUT,1215;1901;1902;1903;1904;1905;1906;1907,86;87
764,806,0,,3,1149;1206;1283,0,1,False,0,,0,AC,False,True,AC,,0,3,0,,1149;1206;1283,
765,807,0,,3,1283;1906;1907,0,1,False,0,,0,AC,False,True,AC,,0,3,0,,1283;1906;1907,
766,808,0,,1,1912,0,1,False,0,,0,AC,False,True,AC,,0,1,0,,1912,
767,809,0,,1,203,0,1,False,0,,0,AC,False,True,AC,,0,1,0,,203,
768,810,0,,4,88;1148;1189;1216,0,1,False,0,,0,AC,False,True,AC,,0,4,0,,88;1148;1189;1216,
769,811,0,,3,204;1219;1906,0,1,False,0,,0,AC,False,True,AC,,0,3,0,,204;1219;1906,
770,812,0,,2,1216;1904,0,1,False,0,,0,AC,False,True,AC,,0,2,0,,1216;1904,
771,813,0,,2,87;1284,0,1,False,0,,0,AC,False,True,AC,,0,2,0,,87;1284,
772,814,1,FARRAGUT,2,1194;1216,0,1,False,0,,0,AC,False,True,AC,,1,4,2,FARRAGUT,1194;1216;1905;1906,86;87
773,815,0,,2,1114;1912,0,1,False,0,,0,AC,False,True,AC,,0,2,0,,1114;1912,
774,816,0,,5,1114;1148;1150;1218;1219,0,1,False,0,,0,AC,False,True,AC,,0,5,0,,1114;1148;1150;1218;1219,
775,817,1,FARRAGUT,2,1219;1903,0,2,False,1,1215,0,DC;DC,True,True,DC,,1,7,2,FARRAGUT,1215;1219;1901;1902;1903;1904;1907,86;87
776,818,1,FARRAGUT,3,1188;1194;1912,0,2,False,2,1215;1913,0,DC;DC,True,True,DC,,1,10,2,FARRAGUT,1188;1194;1215;1901;1902;1903;1904;1907;1912;1913,86;87
777,819,0,,2,204;1906,0,1,False,0,,0,AC,False,True,AC,,0,2,0,,204;1906,
778,820,0,,3,88;1194;1219,0,1,False,0,,0,AC,False,True,AC,,0,3,0,,88;1194;1219,
779,821,0,,2,1206;1283,0,1,False,0,,0,AC,False,True,AC,,0,2,0,,1206;1283,
780,822,0,,3,1189;1283;1284,0,1,False,0,,0,AC,False,True,AC,,0,3,0,,1189;1283;1284,
781,823,0,,5,1150;1188;1193;1912;1913,0,1,False,0,,0,AC,False,True,AC,,0,5,0,,1150;1188;1193;1912;1913,
782,824,0,,2,88;1149,0,1,False,0,,0,AC,False,True,AC,,0,2,0,,88;1149,
783,825,1,FARRAGUT,1,1278,0,1,False,0,,0,AC,False,True,AC,,1,3,2,FARRAGUT,1278;1905;1906,86;87
784,826,0,,5,87;203;1150;1218;1284,0,1,False,0,,0,AC,False,True,AC,,0,5,0,,87;203;1150;1218;1284,
785,827,0,,2,1906;1913,0,1,False,0,,0,AC,False,True,AC,,0,2,0,,1906;1913,
786,828,1,FARRAGUT,1,87,0,2,False,1,1215,0,DC;DC,True,True,DC,,1,7,2,FARRAGUT,87;1215;1901;1902;1903;1904;1907,86;87
787,829,0,,0,,0,1,False,0,,0,AC,False,True,AC,,0,0,0,,,
788,830,1,FARRAGUT,3,1194;1283;1913,0,1,False,0,,0,AC,False,True,AC,,1,5,2,FARRAGUT,1194;1283;1905;1906;1913,86;87
789,831,0,,3,87;1206;1912,0,1,False,0,,0,AC,False,True,AC,,0,3,0,,87;1206;1912,
790,832,1,FARRAGUT,3,1219;1907;1912,0,6,False,10,1116;1117;1118;1148;1149;1150;1200;1215;1913;2219,9,AC;AC;AC;AC;DC;DC,True,True,DC,,10,28,6,UNKNOWN129920;QUEENSBRIDGE;GOWANUS;RAINEY;FARRAGUT;VERNON;UNKNOWN172523;GOWANUS;RAINEY;FARRAGUT,1116;1117;1118;1148;1149;1150;1200;1215;1219;1285;1286;1287;1901;1902;1903;1904;1905;1906;1907;1908;1909;1910;1912;1913;2219;2220;2221;2222,82;83;84;85;86;87
791,833,0,,3,1206;1283;1912,0,1,False,0,,0,AC,False,True,AC,,0,3,0,,1206;1283;1912,
792,834,0,,4,88;1193;1218;1283,0,1,False,0,,0,AC,False,True,AC,,0,4,0,,88;1193;1218;1283,
793,835,0,,1,1206,0,1,False,0,,0,AC,False,True,AC,,0,1,0,,1206,
794,836,1,FARRAGUT,1,1218,0,2,False,1,1215,0,DC;DC,True,True,DC,,1,7,2,FARRAGUT,1215;1218;1901;1902;1903;1904;1907,86;87
795,837,1,FARRAGUT,2,204;1905,0,1,False,0,,0,AC,False,True,AC,,1,3,2,FARRAGUT,204;1905;1906,86;87
796,838,1,FARRAGUT,0,,0,1,False,0,,0,AC,False,True,AC,,1,2,2,FARRAGUT,1905;1906,86;87
797,839,1,FARRAGUT,2,1218;1905,0,1,False,0,,0,AC,False,True,AC,,1,3,2,FARRAGUT,1218;1905;1906,86;87
798,840,0,,3,1150;1193;1219,0,1,False,0,,0,AC,False,True,AC,,0,3,0,,1150;1193;1219,
799,841,0,,3,1114;1217;1907,0,1,False,0,,0,AC,False,True,AC,,0,3,0,,1114;1217;1907,
800,842,0,,2,203;1114,0,1,False,0,,0,AC,False,True,AC,,0,2,0,,203;1114,
801,843,0,,4,87;1149;1216;1904,0,1,False,0,,0,AC,False,True,AC,,0,4,0,,87;1149;1216;1904,
802,844,1,FARRAGUT,2,1907;1912,0,6,False,10,1116;1117;1118;1148;1149;1150;1200;1215;1913;2219,9,AC;AC;AC;AC;DC;DC,True,True,DC,,10,27,6,UNKNOWN129920;QUEENSBRIDGE;GOWANUS;RAINEY;FARRAGUT;VERNON;UNKNOWN172523;GOWANUS;RAINEY;FARRAGUT,1116;1117;1118;1148;1149;1150;1200;1215;1285;1286;1287;1901;1902;1903;1904;1905;1906;1907;1908;1909;1910;1912;1913;2219;2220;2221;2222,82;83;84;85;86;87
803,845,0,,2,88;1188,0,1,False,0,,0,AC,False,True,AC,,0,2,0,,88;1188,
804,846,0,,2,1216;1907,0,1,False,0,,0,AC,False,True,AC,,0,2,0,,1216;1907,
805,847,0,,3,87;1189;1904,0,1,False,0,,0,AC,False,True,AC,,0,3,0,,87;1189;1904,
806,848,0,,5,87;203;1114;1150;1904,0,1,False,0,,0,AC,False,True,AC,,0,5,0,,87;203;1114;1150;1904,
807,849,0,,5,88;204;1278;1905;1906,0,1,False,0,,0,AC,False,True,AC,,0,5,0,,88;204;1278;1905;1906,
808,850,0,,1,1188,0,1,False,0,,0,AC,False,True,AC,,0,1,0,,1188,
809,851,0,,2,1219;1904,0,1,False,0,,0,AC,False,True,AC,,0,2,0,,1219;1904,
810,852,0,,2,1114;1150,0,1,False,0,,0,AC,False,True,AC,,0,2,0,,1114;1150,
811,853,0,,5,88;203;1150;1284;1904,0,1,False,0,,0,AC,False,True,AC,,0,5,0,,88;203;1150;1284;1904,
812,854,0,,2,1149;1216,0,1,False,0,,0,AC,False,True,AC,,0,2,0,,1149;1216,
813,855,0,,2,1148;1217,0,1,False,0,,0,AC,False,True,AC,,0,2,0,,1148;1217,
814,856,0,,2,1194;1278,0,1,False,0,,0,AC,False,True,AC,,0,2,0,,1194;1278,
815,857,0,,4,1114;1189;1283;1912,0,1,False,0,,0,AC,False,True,AC,,0,4,0,,1114;1189;1283;1912,
816,858,0,,1,1218,0,1,False,0,,0,AC,False,True,AC,,0,1,0,,1218,
817,859,1,FARRAGUT,1,1114,0,2,False,1,1215,0,DC;DC,True,True,DC,,1,7,2,FARRAGUT,1114;1215;1901;1902;1903;1904;1907,86;87
818,860,0,,5,1149;1188;1189;1284;1903,0,1,False,0,,0,AC,False,True,AC,,0,5,0,,1149;1188;1189;1284;1903,
819,861,0,,4,87;1114;1218;1284,0,1,False,0,,0,AC,False,True,AC,,0,4,0,,87;1114;1218;1284,
820,862,0,,3,203;1189;1219,0,1,False,0,,0,AC,False,True,AC,,0,3,0,,203;1189;1219,
821,863,0,,0,,0,1,False,0,,0,AC,False,True,AC,,0,0,0,,,
822,864,0,,0,,0,1,False,0,,0,AC,False,True,AC,,0,0,0,,,
823,865,0,,1,1150,0,1,False,0,,0,AC,False,True,AC,,0,1,0,,1150,
824,866,0,,2,203;1218,0,1,False,0,,0,AC,False,True,AC,,0,2,0,,203;1218,
825,867,0,,1,1284,0,1,False,0,,0,AC,False,True,AC,,0,1,0,,1284,
826,868,0,,1,1219,0,1,False,0,,0,AC,False,True,AC,,0,1,0,,1219,
827,869,0,,5,88;1149;1150;1219;1283,0,1,False,0,,0,AC,False,True,AC,,0,5,0,,88;1149;1150;1219;1283,
828,870,2,FARRAGUT;FARRAGUT,3,88;1189;1912,0,2,False,2,1215;1913,0,DC;DC,True,True,DC,,2,12,2,FARRAGUT;FARRAGUT,88;1189;1215;1901;1902;1903;1904;1905;1906;1907;1912;1913,86;87
829,871,1,FARRAGUT,5,203;1149;1218;1905;1907,0,2,False,2,1150;1215,3,DC;DC,True,True,DC,,4,12,4,UNKNOWN129920;GOWANUS;FARRAGUT;GOWANUS,203;1148;1149;1150;1215;1218;1901;1902;1903;1904;1905;1907,82;83;86;87
830,872,1,FARRAGUT,2,1148;1206,0,1,False,0,,0,AC,False,True,AC,,1,4,2,FARRAGUT,1148;1206;1905;1906,86;87
831,873,1,FARRAGUT,0,,0,1,False,0,,0,AC,False,True,AC,,1,2,2,FARRAGUT,1905;1906,86;87
832,874,0,,2,88;1912,0,1,False,0,,0,AC,False,True,AC,,0,2,0,,88;1912,
833,875,0,,0,,0,1,False,0,,0,AC,False,True,AC,,0,0,0,,,
834,876,0,,3,1217;1218;1913,0,1,False,0,,0,AC,False,True,AC,,0,3,0,,1217;1218;1913,
835,877,0,,3,87;1217;1904,0,1,False,0,,0,AC,False,True,AC,,0,3,0,,87;1217;1904,
836,878,0,,4,203;1219;1278;1284,0,1,False,0,,0,AC,False,True,AC,,0,4,0,,203;1219;1278;1284,
837,879,0,,1,88,0,1,False,0,,0,AC,False,True,AC,,0,1,0,,88,
838,880,0,,1,1194,0,1,False,0,,0,AC,False,True,AC,,0,1,0,,1194,
839,881,0,,1,1903,0,1,False,0,,0,AC,False,True,AC,,0,1,0,,1903,
840,882,1,FARRAGUT,1,1904,0,1,False,0,,0,AC,False,True,AC,,1,3,2,FARRAGUT,1904;1905;1906,86;87
841,883,0,,6,88;1189;1206;1218;1219;1284,0,1,False,0,,0,AC,False,True,AC,,0,6,0,,88;1189;1206;1218;1219;1284,
842,884,0,,1,1905,0,1,False,0,,0,AC,False,True,AC,,0,1,0,,1905,
843,885,0,,3,1219;1284;1912,0,1,False,0,,0,AC,False,True,AC,,0,3,0,,1219;1284;1912,
844,886,1,FARRAGUT,3,1149;1216;1218,0,1,False,0,,0,AC,False,True,AC,,1,5,2,FARRAGUT,1149;1216;1218;1905;1906,86;87
845,887,0,,5,1189;1216;1218;1283;1904,0,1,False,0,,0,AC,False,True,AC,,0,5,0,,1189;1216;1218;1283;1904,
846,888,1,FARRAGUT,3,87;1189;1907,0,5,False,6,1116;1117;1118;1200;1215;2219,0,AC;AC;AC;AC;AC,False,True,AC,,1,11,2,FARRAGUT,87;1116;1117;1118;1189;1200;1215;1905;1906;1907;2219,86;87
847,889,1,FARRAGUT,2,1189;1193,0,2,False,1,1215,0,DC;DC,True,True,DC,,1,8,2,FARRAGUT,1189;1193;1215;1901;1902;1903;1904;1907,86;87
848,890,0,,4,1188;1904;1907;1913,0,1,False,0,,0,AC,False,True,AC,,0,4,0,,1188;1904;1907;1913,
849,891,0,,4,87;1194;1217;1283,0,1,False,0,,0,AC,False,True,AC,,0,4,0,,87;1194;1217;1283,
850,892,0,,3,87;1217;1907,0,1,False,0,,0,AC,False,True,AC,,0,3,0,,87;1217;1907,
851,893,0,,3,1206;1283;1905,0,1,False,0,,0,AC,False,True,AC,,0,3,0,,1206;1283;1905,
852,894,1,FARRAGUT,2,1284;1905,0,2,False,2,1215;1283,2,DC;DC,True,True,DC,,3,10,2,HUDSON AVENUE;FARRAGUT;FARRAGUT,1215;1283;1284;1901;1902;1903;1904;1905;1906;1907,86;87
853,895,0,,5,1114;1149;1150;1188;1193,0,3,False,5,1115;1116;1194;1204;1205,0,AC;AC;AC,False,True,AC,,0,10,0,,1114;1115;1116;1149;1150;1188;1193;1194;1204;1205,
854,896,0,,2,204;1150,0,1,False,0,,0,AC,False,True,AC,,0,2,0,,204;1150,
855,897,0,,3,1150;1193;1903,0,1,False,0,,0,AC,False,True,AC,,0,3,0,,1150;1193;1903,
856,898,0,,4,1193;1216;1217;1218,0,1,False,0,,0,AC,False,True,AC,,0,4,0,,1193;1216;1217;1218,
857,899,0,,3,1148;1189;1913,0,1,False,0,,0,AC,False,True,AC,,0,3,0,,1148;1189;1913,
858,900,2,FARRAGUT;FARRAGUT,1,1193,0,2,False,1,1215,0,DC;DC,True,True,DC,,2,9,2,FARRAGUT;FARRAGUT,1193;1215;1901;1902;1903;1904;1905;1906;1907,86;87
859,901,0,,2,1148;1283,0,1,False,0,,0,AC,False,True,AC,,0,2,0,,1148;1283,
860,902,0,,1,1194,0,1,False,0,,0,AC,False,True,AC,,0,1,0,,1194,
861,903,0,,1,1114,0,1,False,0,,0,AC,False,True,AC,,0,1,0,,1114,
862,904,0,,4,204;1150;1217;1906,0,1,False,0,,0,AC,False,True,AC,,0,4,0,,204;1150;1217;1906,
863,905,0,,2,88;1219,0,1,False,0,,0,AC,False,True,AC,,0,2,0,,88;1219,
864,906,1,FARRAGUT,1,203,0,1,False,0,,0,AC,False,True,AC,,1,3,2,FARRAGUT,203;1905;1906,86;87
865,907,1,FARRAGUT,6,1188;1217;1218;1219;1278;1903,0,4,False,14,53;54;1144;1145;1146;1147;1215;1216;1271;1274;1275;1281;1282;2226,5,AC;DC;DC;AC,True,True,AC,,6,27,3,UNKNOWN129913;CORONA;JAMAICA;HUDSON AVENUE;JAMAICA;FARRAGUT,53;54;1144;1145;1146;1147;1188;1212;1213;1214;1215;1216;1217;1218;1219;1271;1274;1275;1278;1281;1282;1283;1284;1903;1905;1906;2226,54;86;87
866,908,0,,2,1193;1913,0,1,False,0,,0,AC,False,True,AC,,0,2,0,,1193;1913,
867,909,0,,1,1193,0,1,False,0,,0,AC,False,True,AC,,0,1,0,,1193,
868,910,0,,4,87;1278;1283;1907,0,1,False,0,,0,AC,False,True,AC,,0,4,0,,87;1278;1283;1907,
869,911,0,,3,1114;1189;1219,0,1,False,0,,0,AC,False,True,AC,,0,3,0,,1114;1189;1219,
870,912,0,,2,203;1903,0,1,False,0,,0,AC,False,True,AC,,0,2,0,,203;1903,
871,913,0,,1,87,0,1,False,0,,0,AC,False,True,AC,,0,1,0,,87,
872,914,1,FARRAGUT,5,1114;1189;1206;1217;1903,0,1,False,0,,0,AC,False,True,AC,,1,7,2,FARRAGUT,1114;1189;1206;1217;1903;1905;1906,86;87
873,915,0,,2,1194;1904,0,1,False,0,,0,AC,False,True,AC,,0,2,0,,1194;1904,
874,916,0,,2,1216;1284,0,1,False,0,,0,AC,False,True,AC,,0,2,0,,1216;1284,
875,917,0,,0,,0,1,False,0,,0,AC,False,True,AC,,0,0,0,,,
876,918,1,FARRAGUT,1,1218,0,1,False,0,,0,AC,False,True,AC,,1,3,2,FARRAGUT,1218;1905;1906,86;87
877,919,0,,1,1283,0,1,False,0,,0,AC,False,True,AC,,0,1,0,,1283,
878,920,0,,1,1913,0,1,False,0,,0,AC,False,True,AC,,0,1,0,,1913,
879,921,0,,2,88;1193,0,1,False,0,,0,AC,False,True,AC,,0,2,0,,88;1193,
880,922,1,FARRAGUT,4,204;1149;1904;1912,0,1,False,0,,0,AC,False,True,AC,,1,6,2,FARRAGUT,204;1149;1904;1905;1906;1912,86;87
881,923,0,,3,1206;1218;1219,0,1,False,0,,0,AC,False,True,AC,,0,3,0,,1206;1218;1219,
882,924,0,,4,87;204;1189;1216,0,1,False,0,,0,AC,False,True,AC,,0,4,0,,87;204;1189;1216,
883,925,0,,1,1913,0,1,False,0,,0,AC,False,True,AC,,0,1,0,,1913,
884,926,0,,6,87;203;1114;1206;1217;1903,0,1,False,0,,0,AC,False,True,AC,,0,6,0,,87;203;1114;1206;1217;1903,
885,927,1,FARRAGUT,3,1216;1278;1904,0,1,False,0,,0,AC,False,True,AC,,1,5,2,FARRAGUT,1216;1278;1904;1905;1906,86;87
886,928,0,,3,87;1219;1283,0,1,False,0,,0,AC,False,True,AC,,0,3,0,,87;1219;1283,
887,929,0,,0,,0,1,False,0,,0,AC,False,True,AC,,0,0,0,,,
888,930,0,,2,1149;1278,0,1,False,0,,0,AC,False,True,AC,,0,2,0,,1149;1278,
889,931,0,,2,1219;1284,0,1,False,0,,0,AC,False,True,AC,,0,2,0,,1219;1284,
890,932,0,,1,1283,0,1,False,0,,0,AC,False,True,AC,,0,1,0,,1283,
891,933,1,FARRAGUT,1,1194,0,2,False,1,1215,0,DC;DC,True,True,DC,,1,7,2,FARRAGUT,1194;1215;1901;1902;1903;1904;1907,86;87
892,934,0,,4,1114;1194;1284;1903,0,1,False,0,,0,AC,False,True,AC,,0,4,0,,1114;1194;1284;1903,
893,935,0,,1,1148,0,1,False,0,,0,AC,False,True,AC,,0,1,0,,1148,
894,936,0,,4,1149;1216;1284;1912,0,1,False,0,,0,AC,False,True,AC,,0,4,0,,1149;1216;1284;1912,
895,937,0,,2,1218;1913,0,1,False,0,,0,AC,False,True,AC,,0,2,0,,1218;1913,
896,938,0,,2,1278;1907,0,1,False,0,,0,AC,False,True,AC,,0,2,0,,1278;1907,
897,939,0,,4,1148;1193;1216;1283,0,1,False,0,,0,AC,False,True,AC,,0,4,0,,1148;1193;1216;1283,
898,940,0,,2,1114;1194,0,1,False,0,,0,AC,False,True,AC,,0,2,0,,1114;1194,
899,941,0,,3,203;1284;1903,0,1,False,0,,0,AC,False,True,AC,,0,3,0,,203;1284;1903,
900,942,0,,1,1114,0,1,False,0,,0,AC,False,True,AC,,0,1,0,,1114,
901,943,0,,2,1149;1906,0,1,False,0,,0,AC,False,True,AC,,0,2,0,,1149;1906,
902,944,0,,5,1206;1217;1284;1906;1907,0,1,False,0,,0,AC,False,True,AC,,0,5,0,,1206;1217;1284;1906;1907,
903,945,0,,1,87,0,1,False,0,,0,AC,False,True,AC,,0,1,0,,87,
904,946,0,,2,87;88,0,2,False,1,1215,2,AC;AC,False,True,AC,,2,3,1,UNKNOWN124169;UNKNOWN124169,87;88;1215,3
905,947,0,,2,1283;1904,0,1,False,0,,0,AC,False,True,AC,,0,2,0,,1283;1904,
906,948,0,,2,87;1905,0,1,False,0,,0,AC,False,True,AC,,0,2,0,,87;1905,
907,949,1,FARRAGUT,2,1148;1219,0,1,False,0,,0,AC,False,True,AC,,1,4,2,FARRAGUT,1148;1219;1905;1906,86;87
908,950,0,,2,1114;1913,0,1,False,0,,0,AC,False,True,AC,,0,2,0,,1114;1913,
909,951,0,,5,204;1149;1217;1283;1913,0,1,False,0,,0,AC,False,True,AC,,0,5,0,,204;1149;1217;1283;1913,
910,952,0,,3,88;1194;1906,0,1,False,0,,0,AC,False,True,AC,,0,3,0,,88;1194;1906,
911,953,0,,2,1188;1194,0,1,False,0,,0,AC,False,True,AC,,0,2,0,,1188;1194,
912,954,0,,1,1150,0,1,False,0,,0,AC,False,True,AC,,0,1,0,,1150,
913,955,0,,3,204;1283;1906,0,1,False,0,,0,AC,False,True,AC,,0,3,0,,204;1283;1906,
914,956,0,,2,1150;1193,0,1,False,0,,0,AC,False,True,AC,,0,2,0,,1150;1193,
915,957,0,,5,1150;1188;1278;1283;1905,0,1,False,0,,0,AC,False,True,AC,,0,5,0,,1150;1188;1278;1283;1905,
916,958,0,,1,1284,0,1,False,0,,0,AC,False,True,AC,,0,1,0,,1284,
917,959,0,,2,1216;1903,0,1,False,0,,0,AC,False,True,AC,,0,2,0,,1216;1903,
918,960,1,FARRAGUT,2,88;1903,0,2,False,1,1215,0,DC;DC,True,True,DC,,1,7,2,FARRAGUT,88;1215;1901;1902;1903;1904;1907,86;87
919,961,1,FARRAGUT,3,1114;1149;1913,0,1,False,0,,0,AC,False,True,AC,,1,5,2,FARRAGUT,1114;1149;1905;1906;1913,86;87
920,962,0,,3,1150;1218;1906,0,1,False,0,,0,AC,False,True,AC,,0,3,0,,1150;1218;1906,
921,963,0,,2,1114;1903,0,1,False,0,,0,AC,False,True,AC,,0,2,0,,1114;1903,
922,964,0,,3,87;1206;1219,0,1,False,0,,0,AC,False,True,AC,,0,3,0,,87;1206;1219,
923,965,1,FARRAGUT,4,1148;1903;1907;1912,2,2,False,2,1215;1913,0,DC;DC,True,True,DC,,3,9,4,GOWANUS;FARRAGUT;GOWANUS,1148;1215;1901;1902;1903;1904;1907;1912;1913,82;83;86;87
924,966,0,,2,1206;1283,0,1,False,0,,0,AC,False,True,AC,,0,2,0,,1206;1283,
925,967,0,,4,1188;1217;1903;1906,0,1,False,0,,0,AC,False,True,AC,,0,4,0,,1188;1217;1903;1906,
926,968,0,,3,1218;1904;1912,0,1,False,0,,0,AC,False,True,AC,,0,3,0,,1218;1904;1912,
927,969,0,,3,1284;1903;1905,0,1,False,0,,0,AC,False,True,AC,,0,3,0,,1284;1903;1905,
928,970,0,,3,87;1283;1906,0,1,False,0,,0,AC,False,True,AC,,0,3,0,,87;1283;1906,
929,971,1,FARRAGUT,2,1189;1906,0,2,False,1,1215,0,DC;DC,True,True,DC,,1,8,2,FARRAGUT,1189;1215;1901;1902;1903;1904;1906;1907,86;87
930,972,0,,2,1149;1206,0,1,False,0,,0,AC,False,True,AC,,0,2,0,,1149;1206,
931,973,1,FARRAGUT,1,1218,0,1,False,0,,0,AC,False,True,AC,,1,3,2,FARRAGUT,1218;1905;1906,86;87
932,974,0,,2,1149;1189,0,1,False,0,,0,AC,False,True,AC,,0,2,0,,1149;1189,
933,975,0,,1,1283,0,1,False,0,,0,AC,False,True,AC,,0,1,0,,1283,
934,976,0,,3,1114;1206;1284,0,1,False,0,,0,AC,False,True,AC,,0,3,0,,1114;1206;1284,
935,977,0,,1,1194,0,1,False,0,,0,AC,False,True,AC,,0,1,0,,1194,
936,978,0,,2,1284;1905,0,1,False,0,,0,AC,False,True,AC,,0,2,0,,1284;1905,
937,979,0,,3,204;1206;1217,0,1,False,0,,0,AC,False,True,AC,,0,3,0,,204;1206;1217,
938,980,0,,1,1218,0,1,False,0,,0,AC,False,True,AC,,0,1,0,,1218,
939,981,0,,1,1219,0,1,False,0,,0,AC,False,True,AC,,0,1,0,,1219,
940,982,0,,0,,0,1,False,0,,0,AC,False,True,AC,,0,0,0,,,
941,983,0,,3,1149;1206;1283,0,1,False,0,,0,AC,False,True,AC,,0,3,0,,1149;1206;1283,
942,984,0,,0,,0,1,False,0,,0,AC,False,True,AC,,0,0,0,,,
943,985,1,FARRAGUT,3,1148;1189;1278,0,1,False,0,,0,AC,False,True,AC,,1,5,2,FARRAGUT,1148;1189;1278;1905;1906,86;87
944,986,1,FARRAGUT,1,88,0,2,False,1,1215,0,DC;DC,True,True,DC,,1,7,2,FARRAGUT,88;1215;1901;1902;1903;1904;1907,86;87
945,987,0,,2,1216;1278,0,1,False,0,,0,AC,False,True,AC,,0,2,0,,1216;1278,
946,988,0,,3,1906;1912;1913,0,1,False,0,,0,AC,False,True,AC,,0,3,0,,1906;1912;1913,
947,989,0,,3,1150;1188;1913,0,1,False,0,,0,AC,False,True,AC,,0,3,0,,1150;1188;1913,
948,990,0,,2,87;1217,0,1,False,0,,0,AC,False,True,AC,,0,2,0,,87;1217,
949,991,0,,1,1217,0,1,False,0,,0,AC,False,True,AC,,0,1,0,,1217,
950,992,0,,2,1194;1284,0,1,False,0,,0,AC,False,True,AC,,0,2,0,,1194;1284,
951,993,0,,3,1148;1149;1216,0,1,False,0,,0,AC,False,True,AC,,0,3,0,,1148;1149;1216,
952,994,0,,4,1217;1278;1284;1913,0,1,False,0,,0,AC,False,True,AC,,0,4,0,,1217;1278;1284;1913,
953,995,1,FARRAGUT,2,1219;1283,0,2,False,2,1215;1284,2,DC;DC,True,True,DC,,3,11,2,HUDSON AVENUE;FARRAGUT;FARRAGUT,1215;1219;1283;1284;1901;1902;1903;1904;1905;1906;1907,86;87
954,996,0,,2,203;1149,0,1,False,0,,0,AC,False,True,AC,,0,2,0,,203;1149,
955,997,0,,2,1149;1278,0,1,False,0,,0,AC,False,True,AC,,0,2,0,,1149;1278,
956,998,0,,2,1283;1912,0,1,False,0,,0,AC,False,True,AC,,0,2,0,,1283;1912,
957,999,0,,1,1217,0,1,False,0,,0,AC,False,True,AC,,0,1,0,,1217,
958,1000,0,,1,1905,0,1,False,0,,0,AC,False,True,AC,,0,1,0,,1905,
959,1001,1,FARRAGUT,3,203;1219;1912,0,1,False,0,,0,AC,False,True,AC,,1,5,2,FARRAGUT,203;1219;1905;1906;1912,86;87
960,1002,0,,5,1216;1217;1904;1905;1907,0,1,False,0,,0,AC,False,True,AC,,0,5,0,,1216;1217;1904;1905;1907,
961,1003,0,,1,1903,0,1,False,0,,0,AC,False,True,AC,,0,1,0,,1903,
962,1004,1,FARRAGUT,3,1193;1904;1905,0,2,False,1,1215,0,DC;DC,True,True,DC,,1,8,2,FARRAGUT,1193;1215;1901;1902;1903;1904;1905;1907,86;87
963,1005,1,FARRAGUT,2,1284;1905,0,2,False,2,1215;1283,2,DC;DC,True,True,DC,,3,10,2,HUDSON AVENUE;FARRAGUT;FARRAGUT,1215;1283;1284;1901;1902;1903;1904;1905;1906;1907,86;87
964,1006,0,,2,1216;1907,0,1,False,0,,0,AC,False,True,AC,,0,2,0,,1216;1907,
965,1007,1,FARRAGUT,1,1150,0,2,False,2,1149;1215,3,DC;DC,True,True,DC,,4,9,4,UNKNOWN129920;GOWANUS;FARRAGUT;GOWANUS,1148;1149;1150;1215;1901;1902;1903;1904;1907,82;83;86;87
966,1008,0,,2,1148;1907,0,1,False,0,,0,AC,False,True,AC,,0,2,0,,1148;1907,
967,1009,1,FARRAGUT,4,87;1149;1189;1283,0,2,False,3,1150;1215;1284,5,DC;DC,True,True,DC,,6,15,4,UNKNOWN129920;GOWANUS;HUDSON AVENUE;FARRAGUT;GOWANUS;FARRAGUT,87;1148;1149;1150;1189;1215;1283;1284;1901;1902;1903;1904;1905;1906;1907,82;83;86;87
968,1010,1,FARRAGUT,4,1149;1193;1218;1904,0,2,False,2,1150;1215,3,DC;DC,True,True,DC,,4,11,4,UNKNOWN129920;GOWANUS;FARRAGUT;GOWANUS,1148;1149;1150;1193;1215;1218;1901;1902;1903;1904;1907,82;83;86;87
969,1011,0,,5,88;1188;1206;1283;1907,0,1,False,0,,0,AC,False,True,AC,,0,5,0,,88;1188;1206;1283;1907,
970,1012,0,,0,,0,1,False,0,,0,AC,False,True,AC,,0,0,0,,,
971,1013,1,FARRAGUT,1,1189,0,1,False,0,,0,AC,False,True,AC,,1,3,2,FARRAGUT,1189;1905;1906,86;87
972,1014,0,,1,1907,0,1,False,0,,0,AC,False,True,AC,,0,1,0,,1907,
973,1015,0,,2,88;203,0,1,False,0,,0,AC,False,True,AC,,0,2,0,,88;203,
974,1016,0,,3,1189;1284;1904,0,1,False,0,,0,AC,False,True,AC,,0,3,0,,1189;1284;1904,
975,1017,0,,4,203;1218;1219;1903,0,1,False,0,,0,AC,False,True,AC,,0,4,0,,203;1218;1219;1903,
976,1018,0,,2,1217;1218,0,1,False,0,,0,AC,False,True,AC,,0,2,0,,1217;1218,
977,1019,0,,1,1218,0,1,False,0,,0,AC,False,True,AC,,0,1,0,,1218,
978,1020,0,,2,87;1193,0,1,False,0,,0,AC,False,True,AC,,0,2,0,,87;1193,
979,1021,1,FARRAGUT,2,1189;1284,0,1,False,0,,0,AC,False,True,AC,,1,4,2,FARRAGUT,1189;1284;1905;1906,86;87
980,1022,1,FARRAGUT,1,1283,0,2,False,2,1215;1284,2,DC;DC,True,True,DC,,3,10,2,HUDSON AVENUE;FARRAGUT;FARRAGUT,1215;1283;1284;1901;1902;1903;1904;1905;1906;1907,86;87
981,1023,0,,2,1903;1912,0,1,False,0,,0,AC,False,True,AC,,0,2,0,,1903;1912,
982,1024,0,,2,204;1284,0,1,False,0,,0,AC,False,True,AC,,0,2,0,,204;1284,
983,1025,0,,3,1148;1217;1278,0,1,False,0,,0,AC,False,True,AC,,0,3,0,,1148;1217;1278,
984,1026,0,,3,88;1903;1904,0,1,False,0,,0,AC,False,True,AC,,0,3,0,,88;1903;1904,
985,1027,1,FARRAGUT,6,88;1149;1903;1905;1906;1913,1,2,False,3,1150;1215;1912,3,DC;DC,True,True,DC,,5,14,4,UNKNOWN129920;GOWANUS;FARRAGUT;GOWANUS;FARRAGUT,88;1148;1149;1150;1215;1901;1902;1903;1904;1905;1906;1907;1912;1913,82;83;86;87
986,1028,0,,0,,0,1,False,0,,0,AC,False,True,AC,,0,0,0,,,
987,1029,0,,2,87;1206,0,1,False,0,,0,AC,False,True,AC,,0,2,0,,87;1206,
988,1030,1,FARRAGUT,2,1148;1149,0,1,False,0,,0,AC,False,True,AC,,1,4,2,FARRAGUT,1148;1149;1905;1906,86;87
989,1031,0,,3,1114;1150;1219,0,1,False,0,,0,AC,False,True,AC,,0,3,0,,1114;1150;1219,
990,1032,0,,4,1114;1193;1219;1283,0,4,False,6,1115;1116;1194;1204;1205;1215,0,AC;AC;AC;AC,False,True,AC,,0,10,0,,1114;1115;1116;1193;1194;1204;1205;1215;1219;1283,
991,1033,0,,2,1206;1283,0,1,False,0,,0,AC,False,True,AC,,0,2,0,,1206;1283,
992,1034,0,,2,87;1284,0,1,False,0,,0,AC,False,True,AC,,0,2,0,,87;1284,
993,1035,0,,2,204;1206,0,1,False,0,,0,AC,False,True,AC,,0,2,0,,204;1206,
994,1036,0,,4,88;1206;1218;1907,0,1,False,0,,0,AC,False,True,AC,,0,4,0,,88;1206;1218;1907,
995,1037,0,,1,1904,0,1,False,0,,0,AC,False,True,AC,,0,1,0,,1904,
996,1038,1,FARRAGUT,2,1905;1906,0,1,False,0,,0,AC,False,True,AC,,1,2,2,FARRAGUT,1905;1906,86;87
997,1039,0,,1,1284,0,1,False,0,,0,AC,False,True,AC,,0,1,0,,1284,
998,1040,0,,2,1206;1216,0,1,False,0,,0,AC,False,True,AC,,0,2,0,,1206;1216,
999,1041,0,,2,1284;1903,0,1,False,0,,0,AC,False,True,AC,,0,2,0,,1284;1903,
